jobID,title,from,reason,link,company,location,text
6722458,Full Stack Tech Lead,allJobs,This job is not contain any word from you tech stack,https://www.alljobs.co.il/Search/UploadSingle.aspx?JobID=6722458,Medulla HR,תל אביב יפו,"Requirements: - Relevant degree - 5 years of experience as Full-Stack - Node.js, React - Mandatory! - Typescript/ Javascript - Cloud - AWS - Significant advantage - Micro Services advantage. The position is intended for both women and men."
7118299,Full-Stack Team Lead,allJobs,This job is not contain any word from you tech stack,https://www.alljobs.co.il/Search/UploadSingle.aspx?JobID=7118299,Medulla HR,תל אביב יפו,"Requirements: 5 years' experience in development, 1 year's experience in managing React experience, experience with Node.js. The job is intended for both women and men."
7180703,Full Stack  Developer :.net,allJobs,This job is not contain any word from you tech stack,https://www.alljobs.co.il/Search/UploadSingle.aspx?JobID=7180703,לוגיקה IT,תל אביב יפו,Requirements: 3-4 years of development experience (C # (.net/.net core/ASP.NET) Required experience in Angular (2+) required Experience in MS SQL Experience in React development Advantage The job is intended for both women and men.
7052656,Full Stack Developer,allJobs,This job is not contain any word from you tech stack,https://www.alljobs.co.il/Search/UploadSingle.aspx?JobID=7052656,Medulla HR,תל אביב יפו,"Requirements: * Bachelor's degree (Computer Science or equivalent) * At least 2 years of experience in Backend development in Java * At least 2 years of experience in Frontend development in Angular * Experience with Spring Boot, Maven. * Experience with SQL * High level English Advantage: * Experience with AWS + AWS Lambada* Experience with NoSQL* Experience with Docker/Kubernetes* Experience with Python The job is intended for both women and men."
7124280,Full Stack Developer,allJobs,This job is not contain any word from you tech stack,https://www.alljobs.co.il/Search/UploadSingle.aspx?JobID=7124280,"ג'י. אר. טי - פתרונות בע""מ",תל אביב יפו,Requirements: - One year or more experience in C# development - Mandatory - One year or more experience in Angular/ Angular JS development - Mandatory - Experience and work with TFS - Advantage - Work with QA and system analysts - Advantage. The position is intended for both women and men.
7181719,Full Stack  C #  Developer,allJobs,This job is not contain any word from you tech stack,https://www.alljobs.co.il/Search/UploadSingle.aspx?JobID=7181719,"ג'ובאינפו בע""מ",,"Requirements: BA or BSC in Computer Science or similar discipline 4+ years of experience in developing C # and.NET 3+ years of experience in developing client-side frameworks (JS, jQuery, HTML5, CSS3) 2+ years of experience with Microsoft SQL server Experience with building and maintaining complex application systemsFamiliarity with various design and architectural patternsADVANTAGES:Strong knowledge of.NET WEB framework (ASP.NET, MVC, etc.)Experience in developing?.NET CoreExperience in developing?in Vue JS frameworkStrong understanding of OOD OOPSStrong understanding experience of multi-threading, tasks process Experience with relational and non-relational databases (Couchbase, Redis, etc.) Experience with TEST methodologies frameworks (expert at Unit-Tests writing Integration tests) Experience with dependency injection frameworks (Autofac, Ninject, etc.) The position is intended for both women and men."
7172391,Full Stack  Developer,allJobs,This job is not contain any word from you tech stack,https://www.alljobs.co.il/Search/UploadSingle.aspx?JobID=7172391,Top-IT Solutions Ltd,תל אביב יפו,Requirements: Experience in .NET development. Three years or more. Experience in ASP.NET Web Forms client server development. Work with fw-3.5 and above. Experience in REST development. The position is intended for both women and men.
7179562,Full Stack -  PHP,allJobs,This job is not contain any word from you tech stack,https://www.alljobs.co.il/Search/UploadSingle.aspx?JobID=7179562,"ריקרוטיקס בע""מ",,Requirements: At least 4 years of experience in FullStack development PHP & JS & MySQL - a must. Experienced working with Linux - a must. Experience working in CI/CD environments - an advantage. Affinity towards working in cutting edge technologies Good analytical skills and team player The position is intended for both women and men.
7179489,Full Stack Developer,allJobs,This job is not contain any word from you tech stack,https://www.alljobs.co.il/Search/UploadSingle.aspx?JobID=7179489,"טריפיק דיגיטל שיווק  בע""מ",,"Requirements: The ideal partner is a professional, responsible for developing both front-end and back-end. Proven ability to design, develop, and maintain functioning production Cloud-Native SaaS products in a microservices containerized environment comprised of databases and servers. Familiarity with Paid Ads platforms such as Google, facebook, Linkedin, and others is a strong advantage. You areBs. C Degree in Computer Science from a recognized university (Ms. C an advantage)Ranked High in your programming skills: JavaScript, TypeScript, PHP, and Python Experienced with Client-Side: Vue, React, REST API, HTML5, Css/Scss Modules , Emotion, Material- UI 5, Bootstrap, jQuery, JSON, and ReduxProficient in Servers-Side: Node.js, Express, and ElasticFluent in Databases: MongoDB(Mongoose), SQLProficient in Tools: Tools: Git, Monorepo, Webpack 5, Npm, Yarn, VS Code, Monday, Slack, Underscore, Lodash The job is for both women and men."
7156657,Full Stack Angular /Node.js /TypeScript,allJobs,This job is not contain any word from you tech stack,https://www.alljobs.co.il/Search/UploadSingle.aspx?JobID=7156657,לוגיקה IT,,"Requirements: At least 3 years of commercial software development experience Experience with Angular 2+ framework and RXJS library Good knowledge of HTML5, CSS Experience with TypeScript Experience with Node.js Experience with PostgreSQL Experience with Amazon AWS - Advantages The position is intended for both women and men."
6738272,ראש /ת צוות פיתוח  Full Stack,allJobs,This job is not contain any word from you tech stack,https://www.alljobs.co.il/Search/UploadSingle.aspx?JobID=6738272,בינת מערכות תוכנה,"תל אביב יפו 
                                              ,ראשון לציון,רמת גן,פתח תקווה,רעננה",Requirements: - At least two years of experience in team management - Experience in developing #NET.CORE C or Angular2 + - Mandatory - Experience in REACT - Advantage - Experience working with SQL server - Experience with Microservices - Working in a cloud environment an advantage. The position is intended for both women and men.
7179875,מפתח /ת  Full Stack לארגון פיננסי מוביל,allJobs,This job is not contain any word from you tech stack,https://www.alljobs.co.il/Search/UploadSingle.aspx?JobID=7179875,SQLink,"תל אביב יפו 
                                              ,בית שמש,ירושלים,מודיעין מכבים רעות,קרית שדה התעופה","Requirements: - 4 years of experience in C # development, ASP.NET - experience working with JavaScript, TypeScript - experience in building REST APIs based on WEB APIs - experience in Angular 12+ The job is intended for both women and men."
7181291,מפתח /ת  Full Stack לארגון גדול בעולמות הביטוח!!,allJobs,This job is not contain any word from you tech stack,https://www.alljobs.co.il/Search/UploadSingle.aspx?JobID=7181291,הורייזן טכנולוגיות,"תל אביב יפו 
                                              ,גבעתיים 
                                              (זמן ממוצע : 9 דקות),ראשון לציון,פתח תקווה,רעננה",Requirements: At least 5 years of experience in the worlds of development. Full stack programmer with specialization in NET. Experience in the Angular worlds working with MS SQL databases. Big head and ability to work as part of a team. Experience working with TFS and DevOps tools - a must. Experience working in an agile way is an advantage. Ability to work quickly in a changing environment.
7174129,Full Stack  Developer -  React &  Node.js,allJobs,This job is not contain any word from you tech stack,https://www.alljobs.co.il/Search/UploadSingle.aspx?JobID=7174129,"ריקרוטיקס בע""מ",,"Requirements: * At least 3 years of experience as a Full Stack Developer - a must. * Experience in building web applications and services from scratch with one of the frameworks: React, VueJs, Angular - a must. * Experience with server-side development with Node.js - a must. * Experience in product-driven and data-driven development - a must. * Experience in designing, developing, and testing scalable distributed systems - a must. The position is intended for both women and men."
7172374,מפתח /ת  Full Stack לסביבת ענן,allJobs,This job is not contain any word from you tech stack,https://www.alljobs.co.il/Search/UploadSingle.aspx?JobID=7172374,"עוז תוכנה בע""מ",תל אביב יפו,Requirements: Minimum 4 years of experience as a Full Stack Developer. Minimum 2 years of development experience in NodeJS. Minimum 2 years of experience in development in - React / Angular Minimum 2 years of experience in system development - high-performance advantage Minimum 2 years of development experience in the AWS environment - advantage Server less - advantage Minimum 2 years of experience in API and integration development - experience working with SQL / NoSQL / MySQL / mongo dB / elastic / dynamo dB / redis - excellent human relations advantage high self-study ability organizational relations and order The position is intended for both women and men.
7151407,Full stack engineer,allJobs,This job is not contain any word from you tech stack,https://www.alljobs.co.il/Search/UploadSingle.aspx?JobID=7151407,,תל אביב יפו,Requirements: At least two years of experience with NET. Experience with Angular. An advantage for those who come from the financial world. The position is intended for both women and men.
7182531,Full Stack  Developer,allJobs,This job is not contain any word from you tech stack,https://www.alljobs.co.il/Search/UploadSingle.aspx?JobID=7182531,,גבעתיים,Requirements: 5 years of FS development experience with specialization in .NET - mandatory Experience in ANGULAR worlds - mandatory Experience and proven knowledge in SQL databases - mandatory The position is intended for both women and men.
7170522,Full Stack Engineer,allJobs,This job is not contain any word from you tech stack,https://www.alljobs.co.il/Search/UploadSingle.aspx?JobID=7170522,,,"Requirements: Bachelor's degree or higher in Computer Science or related field 5+ years of experience in Full Stack development Expertise in Python programming language Proficiency in HTML, CSS, and JavaScript Proficiency in Git Strong background in the medical field who is familiar with regulatory standards such as ISO and FDA- must Familiarity with PACS, DICOM, and relevant libraries required Experience with cloud environments such as GCP/AWS Ability to effectively collaborate with algorithmic teams Excellent English verbal and written communication skills - must Are you ready to join a mission-driven team and make a real impact on women's health? Apply now and be a part of the change. The position is intended for both women and men."
7155754,Full Stack Developer,allJobs,This job is not contain any word from you tech stack,https://www.alljobs.co.il/Search/UploadSingle.aspx?JobID=7155754,,,"Requirements: At least 3 years of experience with developing production-ready web applications and APIs. Ability to plan and create pixel-perfect UI according to product & design specs Well-versed in coding best practices, agile methodologies, CI/CD, testing Passion for learning and implementing new technologies. Independent, fast learner, creative, great Communication skills. Experience in developing hybrid / native mobile apps advantage. Experience in AngularJS, VueJS, RoR, Elasticsearch, RabbitMQ, hybrid/ native mobile apps advantage. BSc in computer science / elite army unit graduate - advantage. The position is intended for both women and men."
7111922,Full Stack Developer,allJobs,This job is not contain any word from you tech stack,https://www.alljobs.co.il/Search/UploadSingle.aspx?JobID=7111922,,,"Requirements: Optimal Skills for Success: At least 3 years of experience with React. At least 3 years of JavaScript experience. At least 3 years of experience building backend systems with NodeJS. Object Oriented Programming. SQL/NoSQL database experience (MySQL, Redis) a plus. A degree in Computer Science or a related discipline. Excellent verbal and written communication skills in English. The position is intended for both women and men."
7154368,דרוש /ה Frontend developer,allJobs,This job is not contain any word from you tech stack,https://www.alljobs.co.il/Search/UploadSingle.aspx?JobID=7154368,,תל אביב יפו,"Requirements: Minimum 4 years of experience as a Frontend programmer with ReactJS, JS, TypeScript or as a Full Stack programmer whose backend is developed with NodeJS The job is intended for both women and men."
7155786,Development Team Leader,allJobs,This job is not contain any word from you tech stack,https://www.alljobs.co.il/Search/UploadSingle.aspx?JobID=7155786,,,"Requirements: At least 2 years of hands-on experience as a full stack team leader, leading a web-based product development. 5+ years of a proven hands-on experience with NodeJS/Java/PHP/Ruby Familiarity with one of the client technologies : Vue/React/Angular Strong ability to take a business challenge, transform it into a plan and lead execution. Strong people skills and driven to succeed. Can-do attitude. Bachelor's degree in Computer Science - Advantage. The position is intended for both women and men."
7156738,Motion Graphic Designer,allJobs,This job is not contain any word from you tech stack,https://www.alljobs.co.il/Search/UploadSingle.aspx?JobID=7156738,,,"Requirements: Bachelors Degree in Visual Communication. Strong portfolio showcasing both motion design and video editing skills. 1-2 years of experience working in a design studio, advertising agency or similar. Work experience with After Effects, Premiere Pro, Photoshop and Illustrator. Creative thinker ability to develop creative concepts into visual stories. Team player Great personality and ability to participate in a teamwork environment. Multitasker Ability to adapt, work effectively under pressure, and alternate between tasks in a fast-paced environment. Excellent organizational skills and ability to prioritize and meet deadlines. English proficiency. The position is intended for both women and men."
7163679,senior researcher,allJobs,This job is not contain any word from you tech stack,https://www.alljobs.co.il/Search/UploadSingle.aspx?JobID=7163679,,,"Requirements: Must-Have Qualifications: * At least 5 years of proven research * Experience in taking ownership of abstract research tasks * Understanding the low-level fundamentals of Linux and Windows as well as knowledge of operating systems in general * Proficiency with Python, C / C ++ * Proficiency with Git * A team player * Ability to work independently in a fast-paced environment Bonus Points: * Deep understanding of Containers, Virtualization, and Cloud technologies. * Proficiency in popular interpreter Internals * BSc(+) in Computer Science / software engineering / Military service in a technological unit. The position is intended for both women and men."
7178542,Infrastructure  SW engineer,allJobs,This job is not contain any word from you tech stack,https://www.alljobs.co.il/Search/UploadSingle.aspx?JobID=7178542,,,"Requirements: * At least 4 years of experience with backend technologies such as NodeJS, Go, JAVA, Ruby, SQL/NoSQL databases.* Experience with architecture methodologies and paradigm like micro-services, distributed development and more.* Well-versed in coding best practices, agile methodologies, CI/CD, Unit testing.* Independent, fast learner, creative, great communication skills. Advantage:* Experience in dealing with performance and high scale systems. The position is intended for both women and men."
6722458,Full Stack Tech Lead,allJobs,This job is not contain any word from you tech stack,https://www.alljobs.co.il/Search/UploadSingle.aspx?JobID=6722458,Medulla HR,תל אביב יפו,"Requirements: - Relevant degree - 5 years of experience as Full-Stack - Node.js, React - Mandatory! - Typescript/ Javascript - Cloud - AWS - Significant advantage - Micro Services advantage. The position is intended for both women and men."
7118299,Full-Stack Team Lead,allJobs,This job is not contain any word from you tech stack,https://www.alljobs.co.il/Search/UploadSingle.aspx?JobID=7118299,Medulla HR,תל אביב יפו,"Requirements: 5 years' experience in development, 1 year's experience in managing React experience, experience with Node.js. The job is intended for both women and men."
7180703,Full Stack  Developer :.net,allJobs,This job is not contain any word from you tech stack,https://www.alljobs.co.il/Search/UploadSingle.aspx?JobID=7180703,לוגיקה IT,תל אביב יפו,Requirements: 3-4 years of development experience (C # (.net/.net core/ASP.NET) Required experience in Angular (2+) required Experience in MS SQL Experience in React development Advantage The job is intended for both women and men.
7052656,Full Stack Developer,allJobs,This job is not contain any word from you tech stack,https://www.alljobs.co.il/Search/UploadSingle.aspx?JobID=7052656,Medulla HR,תל אביב יפו,"Requirements: * Bachelor's degree (Computer Science or equivalent) * At least 2 years of experience in Backend development in Java * At least 2 years of experience in Frontend development in Angular * Experience with Spring Boot, Maven. * Experience with SQL * High level English Advantage: * Experience with AWS + AWS Lambada* Experience with NoSQL* Experience with Docker/Kubernetes* Experience with Python The job is intended for both women and men."
7124280,Full Stack Developer,allJobs,This job is not contain any word from you tech stack,https://www.alljobs.co.il/Search/UploadSingle.aspx?JobID=7124280,"ג'י. אר. טי - פתרונות בע""מ",תל אביב יפו,Requirements: - One year or more experience in C# development - Mandatory - One year or more experience in Angular/ Angular JS development - Mandatory - Experience and work with TFS - Advantage - Work with QA and system analysts - Advantage. The position is intended for both women and men.
7181719,Full Stack  C #  Developer,allJobs,This job is not contain any word from you tech stack,https://www.alljobs.co.il/Search/UploadSingle.aspx?JobID=7181719,"ג'ובאינפו בע""מ",,"Requirements: BA or BSC in Computer Science or similar discipline 4+ years of experience in developing C # and.NET 3+ years of experience in developing client-side frameworks (JS, jQuery, HTML5, CSS3) 2+ years of experience with Microsoft SQL server Experience with building and maintaining complex application systemsFamiliarity with various design and architectural patternsADVANTAGES:Strong knowledge of.NET WEB framework (ASP.NET, MVC, etc.)Experience in developing?.NET CoreExperience in developing?in Vue JS frameworkStrong understanding of OOD OOPSStrong understanding experience of multi-threading, tasks process Experience with relational and non-relational databases (Couchbase, Redis, etc.) Experience with TEST methodologies frameworks (expert at Unit-Tests writing Integration tests) Experience with dependency injection frameworks (Autofac, Ninject, etc.) The position is intended for both women and men."
7172391,Full Stack  Developer,allJobs,This job is not contain any word from you tech stack,https://www.alljobs.co.il/Search/UploadSingle.aspx?JobID=7172391,Top-IT Solutions Ltd,תל אביב יפו,Requirements: Experience in .NET development. Three years or more. Experience in ASP.NET Web Forms client server development. Work with fw-3.5 and above. Experience in REST development. The position is intended for both women and men.
7179562,Full Stack -  PHP,allJobs,This job is not contain any word from you tech stack,https://www.alljobs.co.il/Search/UploadSingle.aspx?JobID=7179562,"ריקרוטיקס בע""מ",,Requirements: At least 4 years of experience in FullStack development PHP & JS & MySQL - a must. Experienced working with Linux - a must. Experience working in CI/CD environments - an advantage. Affinity towards working in cutting edge technologies Good analytical skills and team player The position is intended for both women and men.
7179489,Full Stack Developer,allJobs,This job is not contain any word from you tech stack,https://www.alljobs.co.il/Search/UploadSingle.aspx?JobID=7179489,"טריפיק דיגיטל שיווק  בע""מ",,"Requirements: The ideal partner is a professional, responsible for developing both front-end and back-end. Proven ability to design, develop, and maintain functioning production Cloud-Native SaaS products in a microservices containerized environment comprised of databases and servers. Familiarity with Paid Ads platforms such as Google, facebook, Linkedin, and others is a strong advantage. You areBs. C Degree in Computer Science from a recognized university (Ms. C an advantage)Ranked High in your programming skills: JavaScript, TypeScript, PHP, and Python Experienced with Client-Side: Vue, React, REST API, HTML5, Css/Scss Modules , Emotion, Material- UI 5, Bootstrap, jQuery, JSON, and ReduxProficient in Servers-Side: Node.js, Express, and ElasticFluent in Databases: MongoDB(Mongoose), SQLProficient in Tools: Tools: Git, Monorepo, Webpack 5, Npm, Yarn, VS Code, Monday, Slack, Underscore, Lodash The job is for both women and men."
7156657,Full Stack Angular /Node.js /TypeScript,allJobs,This job is not contain any word from you tech stack,https://www.alljobs.co.il/Search/UploadSingle.aspx?JobID=7156657,לוגיקה IT,,"Requirements: At least 3 years of commercial software development experience Experience with Angular 2+ framework and RXJS library Good knowledge of HTML5, CSS Experience with TypeScript Experience with Node.js Experience with PostgreSQL Experience with Amazon AWS - Advantages The position is intended for both women and men."
6738272,ראש /ת צוות פיתוח  Full Stack,allJobs,This job is not contain any word from you tech stack,https://www.alljobs.co.il/Search/UploadSingle.aspx?JobID=6738272,בינת מערכות תוכנה,"תל אביב יפו 
                                              ,ראשון לציון,רמת גן,פתח תקווה,רעננה",Requirements: - At least two years of experience in team management - Experience in developing #NET.CORE C or Angular2 + - Mandatory - Experience in REACT - Advantage - Experience working with SQL server - Experience with Microservices - Working in a cloud environment an advantage. The position is intended for both women and men.
7179875,מפתח /ת  Full Stack לארגון פיננסי מוביל,allJobs,This job is not contain any word from you tech stack,https://www.alljobs.co.il/Search/UploadSingle.aspx?JobID=7179875,SQLink,"תל אביב יפו 
                                              ,בית שמש,ירושלים,מודיעין מכבים רעות,קרית שדה התעופה","Requirements: - 4 years of experience in C # development, ASP.NET - experience working with JavaScript, TypeScript - experience in building REST APIs based on WEB APIs - experience in Angular 12+ The job is intended for both women and men."
7181291,מפתח /ת  Full Stack לארגון גדול בעולמות הביטוח!!,allJobs,This job is not contain any word from you tech stack,https://www.alljobs.co.il/Search/UploadSingle.aspx?JobID=7181291,הורייזן טכנולוגיות,"תל אביב יפו 
                                              ,גבעתיים 
                                              (זמן ממוצע : 9 דקות),ראשון לציון,פתח תקווה,רעננה",Requirements: At least 5 years of experience in the worlds of development. Full stack programmer with specialization in NET. Experience in the Angular worlds working with MS SQL databases. Big head and ability to work as part of a team. Experience working with TFS and DevOps tools - a must. Experience working in an agile way is an advantage. Ability to work quickly in a changing environment.
7174129,Full Stack  Developer -  React &  Node.js,allJobs,This job is not contain any word from you tech stack,https://www.alljobs.co.il/Search/UploadSingle.aspx?JobID=7174129,"ריקרוטיקס בע""מ",,"Requirements: * At least 3 years of experience as a Full Stack Developer - a must. * Experience in building web applications and services from scratch with one of the frameworks: React, VueJs, Angular - a must. * Experience with server-side development with Node.js - a must. * Experience in product-driven and data-driven development - a must. * Experience in designing, developing, and testing scalable distributed systems - a must. The position is intended for both women and men."
7172374,מפתח /ת  Full Stack לסביבת ענן,allJobs,This job is not contain any word from you tech stack,https://www.alljobs.co.il/Search/UploadSingle.aspx?JobID=7172374,"עוז תוכנה בע""מ",תל אביב יפו,Requirements: Minimum 4 years of experience as a Full Stack Developer. Minimum 2 years of development experience in NodeJS. Minimum 2 years of experience in development in - React / Angular Minimum 2 years of experience in system development - high-performance advantage Minimum 2 years of development experience in the AWS environment - advantage Server less - advantage Minimum 2 years of experience in API and integration development - experience working with SQL / NoSQL / MySQL / mongo dB / elastic / dynamo dB / redis - excellent human relations advantage high self-study ability organizational relations and order The position is intended for both women and men.
7151407,Full stack engineer,allJobs,This job is not contain any word from you tech stack,https://www.alljobs.co.il/Search/UploadSingle.aspx?JobID=7151407,,תל אביב יפו,Requirements: At least two years of experience with NET. Experience with Angular. An advantage for those who come from the financial world. The position is intended for both women and men.
7182531,Full Stack  Developer,allJobs,This job is not contain any word from you tech stack,https://www.alljobs.co.il/Search/UploadSingle.aspx?JobID=7182531,,גבעתיים,Requirements: 5 years of FS development experience with specialization in .NET - mandatory Experience in ANGULAR worlds - mandatory Experience and proven knowledge in SQL databases - mandatory The position is intended for both women and men.
7170522,Full Stack Engineer,allJobs,This job is not contain any word from you tech stack,https://www.alljobs.co.il/Search/UploadSingle.aspx?JobID=7170522,,,"Requirements: Bachelor's degree or higher in Computer Science or related field 5+ years of experience in Full Stack development Expertise in Python programming language Proficiency in HTML, CSS, and JavaScript Proficiency in Git Strong background in the medical field who is familiar with regulatory standards such as ISO and FDA- must Familiarity with PACS, DICOM, and relevant libraries required Experience with cloud environments such as GCP/AWS Ability to effectively collaborate with algorithmic teams Excellent English verbal and written communication skills - must Are you ready to join a mission-driven team and make a real impact on women's health? Apply now and be a part of the change. The position is intended for both women and men."
7155754,Full Stack Developer,allJobs,This job is not contain any word from you tech stack,https://www.alljobs.co.il/Search/UploadSingle.aspx?JobID=7155754,,,"Requirements: At least 3 years of experience with developing production-ready web applications and APIs. Ability to plan and create pixel-perfect UI according to product & design specs Well-versed in coding best practices, agile methodologies, CI/CD, testing Passion for learning and implementing new technologies. Independent, fast learner, creative, great Communication skills. Experience in developing hybrid / native mobile apps advantage. Experience in AngularJS, VueJS, RoR, Elasticsearch, RabbitMQ, hybrid/ native mobile apps advantage. BSc in computer science / elite army unit graduate - advantage. The position is intended for both women and men."
7111922,Full Stack Developer,allJobs,This job is not contain any word from you tech stack,https://www.alljobs.co.il/Search/UploadSingle.aspx?JobID=7111922,,,"Requirements: Optimal Skills for Success: At least 3 years of experience with React. At least 3 years of JavaScript experience. At least 3 years of experience building backend systems with NodeJS. Object Oriented Programming. SQL/NoSQL database experience (MySQL, Redis) a plus. A degree in Computer Science or a related discipline. Excellent verbal and written communication skills in English. The position is intended for both women and men."
7154368,דרוש /ה Frontend developer,allJobs,This job is not contain any word from you tech stack,https://www.alljobs.co.il/Search/UploadSingle.aspx?JobID=7154368,,תל אביב יפו,"Requirements: Minimum 4 years of experience as a Frontend programmer with ReactJS, JS, TypeScript or as a Full Stack programmer whose backend is developed with NodeJS The job is intended for both women and men."
7155786,Development Team Leader,allJobs,This job is not contain any word from you tech stack,https://www.alljobs.co.il/Search/UploadSingle.aspx?JobID=7155786,,,"Requirements: At least 2 years of hands-on experience as a full stack team leader, leading a web-based product development. 5+ years of a proven hands-on experience with NodeJS/Java/PHP/Ruby Familiarity with one of the client technologies : Vue/React/Angular Strong ability to take a business challenge, transform it into a plan and lead execution. Strong people skills and driven to succeed. Can-do attitude. Bachelor's degree in Computer Science - Advantage. The position is intended for both women and men."
7156738,Motion Graphic Designer,allJobs,This job is not contain any word from you tech stack,https://www.alljobs.co.il/Search/UploadSingle.aspx?JobID=7156738,,,"Requirements: Bachelors Degree in Visual Communication. Strong portfolio showcasing both motion design and video editing skills. 1-2 years of experience working in a design studio, advertising agency or similar. Work experience with After Effects, Premiere Pro, Photoshop and Illustrator. Creative thinker ability to develop creative concepts into visual stories. Team player Great personality and ability to participate in a teamwork environment. Multitasker Ability to adapt, work effectively under pressure, and alternate between tasks in a fast-paced environment. Excellent organizational skills and ability to prioritize and meet deadlines. English proficiency. The position is intended for both women and men."
7163679,senior researcher,allJobs,This job is not contain any word from you tech stack,https://www.alljobs.co.il/Search/UploadSingle.aspx?JobID=7163679,,,"Requirements: Must-Have Qualifications: * At least 5 years of proven research * Experience in taking ownership of abstract research tasks * Understanding the low-level fundamentals of Linux and Windows as well as knowledge of operating systems in general * Proficiency with Python, C / C ++ * Proficiency with Git * A team player * Ability to work independently in a fast-paced environment Bonus Points: * Deep understanding of Containers, Virtualization, and Cloud technologies. * Proficiency in popular interpreter Internals * BSc(+) in Computer Science / software engineering / Military service in a technological unit. The position is intended for both women and men."
7178542,Infrastructure  SW engineer,allJobs,This job is not contain any word from you tech stack,https://www.alljobs.co.il/Search/UploadSingle.aspx?JobID=7178542,,,"Requirements: * At least 4 years of experience with backend technologies such as NodeJS, Go, JAVA, Ruby, SQL/NoSQL databases.* Experience with architecture methodologies and paradigm like micro-services, distributed development and more.* Well-versed in coding best practices, agile methodologies, CI/CD, Unit testing.* Independent, fast learner, creative, great communication skills. Advantage:* Experience in dealing with performance and high scale systems. The position is intended for both women and men."
6888363,One Taldor מגייסת מפתח /ת FULL STACK לחברה יציבה במרכז,allJobs,This job is not contain any word from you tech stack,https://www.alljobs.co.il/Search/UploadSingle.aspx?JobID=6888363,טלדור Taldor מערכות מחשבים,תל אביב יפו,"Requirements: Requirements: 2 years experience in C#, .net core development - required 2 years experience in client side development - required 2 years experience in ANGULAR development - required The position is intended for both women and men."
7174478,חברה גלובלית ויציבה מגייסת Senior  Full Stack  Developer,allJobs,This job is not contain any word from you tech stack,https://www.alljobs.co.il/Search/UploadSingle.aspx?JobID=7174478,SQLink,"תל אביב יפו 
                                              ,רמת גן,פתח תקווה,הרצליה,רעננה",Requirements: - 5 years of Node.js development experience - Development experience: Python / Go / Scala / JAVA /.NET - Experience with AWS - Experience with SQL/NOSQL The job is intended for both women and men.
7174751,לסטארט-אפ בתחום הפינטק  דרוש /ה Full Stack  Developer,allJobs,This job is not contain any word from you tech stack,https://www.alljobs.co.il/Search/UploadSingle.aspx?JobID=7174751,Medulla HR,תל אביב יפו,Requirements: 5+ years of FullStack Node.js /Go development experience - mandatory! (the actual development with GO) React - a must! Experience with MySQL or PostgreSQL Familiarity with dockers Title - advantage The job is intended for both women and men.
6787726,דרוש /ה Full-Stack Team Leader לחברת סטרטאפ בתחום ה- Access Intelligence!,allJobs,This job is not contain any word from you tech stack,https://www.alljobs.co.il/Search/UploadSingle.aspx?JobID=6787726,Medulla HR,תל אביב יפו,"Requirements: Requirements:- 5 years of experience as a Full-Stack- 2 years of experience as a team leader- React.js- Redux- JavaScript, TypeScript- Python/ Java an advantage. The position is intended for both women and men."
7135139,Full Stack Team Leader - ידע נרחב בתהליכי עבודה בפייתון חובה,allJobs,This job is not contain any word from you tech stack,https://www.alljobs.co.il/Search/UploadSingle.aspx?JobID=7135139,אמיר,תל אביב יפו,"Requirements: -Relevant education - Mandatory - Development experience in React or Angular - Mandatory. - Extensive knowledge of work processes in Python - Mandatory. - Bachelor's degree in Computer Science / Information Systems or relevant training - Mandatory. - At least 3 years of experience In JAVA / Python / C# /.Net development - mandatory.- Experience in processes and procedures with SQL Server - mandatory.- Experience in developing interfaces and distributed services WCF, web api, rest/soap - mandatory.-- Experience working with GIT - mandatory. Experience in setting up databases - an advantage.* This position is intended for both men and women. The position is intended for both women and men."
7174832,Full Stack  team lead (  Node.js /  PHP / Angular),allJobs,This job is not contain any word from you tech stack,https://www.alljobs.co.il/Search/UploadSingle.aspx?JobID=7174832,RYB Technologies,,"Requirements: 4-6 years of Full-Stack development 2+ years team lead experience Experience prioritizing roadmap projects while supporting previously deployed projects Vue.js, calling and implementing APIs, HTML 3 PHP or Node.js for backend development SQL databases (Preference PostgreSQL) Excellent English verbal and written communication skills including documenting data flow Desired Skills Experience Experience with github, Jira, Node.js, Lubuntu Experience with angular.js Experience with both PHP Node.js Working knowledge of Linux system administration Working knowledge of AWS services Bachelor's degree in Computer Science or related field The position is intended for women and men as one."
7178063,Full Stack  team lead,allJobs,This job is not contain any word from you tech stack,https://www.alljobs.co.il/Search/UploadSingle.aspx?JobID=7178063,"ג'ובאינפו בע""מ",,"Requirements: *3+ years of experience as a team lead /Scrum Master *Leader with high motivation, a team player with a track record of technical leadership and technical collaboration *Continuous and recent hands-on experience in developing applications using JAVA, AWS services , microservices, Docker, and etc *Design, build, TEST and maintain scalable web applications and services *Ability to design, optimize, and refactor the code for improved performance *Deep understanding of object-oriented concepts, design patterns, clean coding, and code review practices *Experience in designing and developing a database model (Cloud-based NoSQL/DynamoDB) *Experience with JAVA (at least 6 years) *Experience with JavaScript frameworks such as React, Angular/AngularJS, and Node.js (at least 4 years) The position is intended for both women and men."
7180694,Full Stack Developer: Node.js,allJobs,This job is not contain any word from you tech stack,https://www.alljobs.co.il/Search/UploadSingle.aspx?JobID=7180694,לוגיקה IT,תל אביב יפו,"Requirements: At least 3 years of experience in Node.js 2-3 years of experience in React, TypeScript / Angular Experience with SQL and Non-SQL Databases Knowledge of object-oriented programming Understanding of REST APIs Experience with Azure / AWS cloud - an advantage Experience with Docker/K8S advantage The job is intended for women and men alike."
6438707,מפתחי /ות Full Stack למשרד ממשלתי,allJobs,This job is not contain any word from you tech stack,https://www.alljobs.co.il/Search/UploadSingle.aspx?JobID=6438707,Matrix,"תל אביב יפו,ירושלים","Requirements: Skill of 5 years or more in software development Experience of 2 years or more in development in ANGULAR and/or REACT technology Experience of 1 year or more in development in NET Core reason. Experience of 4 years or more in working with databases, writing procedures, functions, PACKAGES Experience in software development in WEB systems both on the server side and on the client side Experience working with Agile methodology Relevant education in the field of the job is intended for both women and men."
7179167,"מפתח /ת  Full Stack לחברה מובילה באזור ת""א (עובדים היברידי)",allJobs,This job is not contain any word from you tech stack,https://www.alljobs.co.il/Search/UploadSingle.aspx?JobID=7179167,Gtech,"תל אביב יפו 
                                              ,גבעתיים 
                                              (זמן ממוצע : 9 דקות),רמת גן,פתח תקווה,בני ברק","Requirements: at least 3-4 years of experience as a FullStack developer - a necessary threshold requirement server side C #, .NET (advantage for net core.) - mandatory at least 3 years client side React or Angular - at least 1-3 years SQL server writing procedures , setting up tables, Views Entity Framework and writing queries in LINQ - an advantage Familiarity with UMBRACO an advantage Experience in WEB API development Writing responsive websites, familiarity with Bootstrap Experience from companies and financial organizations - a significant advantage The job is intended for both women and men."
6694490,לחברת Fintech מובילה דרוש /ה Senior Full-Stack Engineer!,allJobs,This job is not contain any word from you tech stack,https://www.alljobs.co.il/Search/UploadSingle.aspx?JobID=6694490,Medulla HR,תל אביב יפו,"Requirements: - Over 8 years of experience in development - Experience in one of the following languages ​​Golang, Nodejs, Java - Experience with cloud - Kubernetes The position is intended for both women and men."
7107540,חברה גדולה ויציבה במרכז מגייסת מפתח /ת FULL STACK,allJobs,This job is not contain any word from you tech stack,https://www.alljobs.co.il/Search/UploadSingle.aspx?JobID=7107540,TOP SOFT טופ סופט - השמה ומיקור חוץ,"תל אביב יפו 
                                              ,רמת גן,רמת השרון,הוד השרון,הרצליה","Requirements: At least two years of proven experience in development that includes: experience in developing external and responsive websites in the NET environment. In version 4.5 or higher or .NET. COREUse of REACT JS technologiesExperience working with SQLExperience and work in a WEB environment such as AJAX, JQUERY, CSS3, HTML 5, BOOTSTRAP Advantage: Experience working in a SCRUM teamExperience and familiarity with a cloud environment AZURE DEVOPS PORTALWorking in a TFS environmentWorking and familiarity with GIT. The position is intended for both women and men."
7080509,"One Taldor מגייסת  מפתח.ת Full Stack לארגון רפואי גדול בת""א",allJobs,This job is not contain any word from you tech stack,https://www.alljobs.co.il/Search/UploadSingle.aspx?JobID=7080509,טלדור Taldor מערכות מחשבים,תל אביב יפו,"Requirements: Relevant education in the field of information systems. Experience working in information systems in the .NET environment Experience in development in the following tools/languages: C#, V.B, ASP.NET, JAVA SCRIPT, AJAX Experience in characterizing customer needs, defining requirements, defining the systemic solution and characterizing the necessary changes in the system - mandatory. The position is intended for both women and men."
7117448,לסטארט-אפ  מציל חיים  דרוש.ה Senior Frontend /Full Stack Developer,allJobs,This job is not contain any word from you tech stack,https://www.alljobs.co.il/Search/UploadSingle.aspx?JobID=7117448,Medulla HR,תל אביב יפו,"Requirements: 6+ years of development experience, relevant degree, experience in SAAS companies - required React/ Angular/ Vue.js - required JavaScript Ecosystem - required Node.js - required Python - required WebGL - advantage The job is intended for both women and men."
6513047,Software Team Lead,allJobs,This job is not contain any word from you tech stack,https://www.alljobs.co.il/Search/UploadSingle.aspx?JobID=6513047,HMS - הלפרין יועצים,תל אביב יפו,"Requirements: at least 4-5 years of experience in full stack development, experience in Angular version 7 and above, experience working with DB, valid security classification, experience in team management, experience and desire to work with clients, work in large organizations / complex systems, the position is intended for both women and men."
3454692849,Full Stack Engineer,linkedin,This job is not contain any word from you tech stack,https://il.linkedin.com/jobs/view/full-stack-engineer-at-easy-3454692849?refId=kk0nI42%2Fnh7I1i2eIkud4g%3D%3D&trackingId=FP32dbwNwT2K9OYJuiLBIg%3D%3D&position=1&pageNum=0&trk=public_jobs_jserp-result_search-card,easy,"Tel Aviv District, Israel","Responsible for product-oriented FullStack development process (50-50) on web platforms Develop and implement new features that directly impact our customers. Use the latest front-end technologies to improve existing layouts Identify issues and implement solutions to complex, large-scale, frontend problems Integrate data from various back-end services and databases using modern technologies Passion for web development concepts including reusability, good engineering, and great user experience At least 4 years of experience with modern front-end framework experience - Vue.js/Angular/React At least 2 years of experience with web development and frameworks (Node.js) Experience with database systems and frameworks (SQL SERVER) Self-management and strong prioritization skills A team player Fluent English"
3448816980,Full Stack Team Lead,linkedin,This job is not contain any word from you tech stack,https://il.linkedin.com/jobs/view/full-stack-team-lead-at-easy-3448816980?refId=kk0nI42%2Fnh7I1i2eIkud4g%3D%3D&trackingId=5TAGTs%2FFzR2%2BrDwJvhfQxg%3D%3D&position=2&pageNum=0&trk=public_jobs_jserp-result_search-card,easy,"Tel Aviv District, Israel","Lead a squad of FullStack developers with a product oriented attitude. Work closely with the squad product to define roadmap and achieve quality delivery Mentor team members and manage team tasks About 50% HO work Use the latest technologies to improve existing layouts, performance, Identify issues and implement solutions to complex, large scale, frontend problems Passion towards web development concepts including reusability, good engineering, and great user experience At least 10 years of software engineering experience At least 5 years of experience with modern front-end framework experience - Vue.js/Angular/React At least 2 years of experience with web development and frameworks (Node.js) Experience with database systems and frameworks (SQL SERVER) Great interpersonal and managerial skills Fluent English"
3482765530,AI Product Analyst student for AI Solutions Group,linkedin,"Cannot complete the evaluation of these requirements. Stop in word that number 77 in line 17, count 500 words",https://il.linkedin.com/jobs/view/ai-product-analyst-student-for-ai-solutions-group-at-intel-corporation-3482765530?refId=kk0nI42%2Fnh7I1i2eIkud4g%3D%3D&trackingId=38jdxqJh0wsL9%2Bw1fUN11g%3D%3D&position=3&pageNum=0&trk=public_jobs_jserp-result_search-card,Intel Corporation,"Petah Tikva, Center District, Israel","Job DescriptionThe Artificial Intelligence Group at Intel IT is the leading group at Intel that creates state-of-the-art artificial intelligence (AI) capabilities. It includes more than 200 Data Scientists, Machine Learning Engineers, and AI Product Managers and Analysts, most of which are located in Israel.We deliver internal and external AI capabilities to transform the most critical business processes at Intel, from processors RnD, through manufacturing to sales and more. We have over 500 AI algorithms in products that create a competitive advantage for Intel and influence almost every processor that Intel provides, yielding over 1B Dollars in extra revenue or reduced costs. In addition, we offer self-service AI platforms and professional services to cater to the growing demand for AI across the company.Our AI Product AnalystsOur product analysts engage with our customers to identify high business value problems that can be solved using AI, they define a creative and high-end solutions that our data scientists and machine learning engineers can create, they conduct a deep data analysis using various technologies and tools (e.g. Python, SQL and more), and collaborate with the Data Scientists to identify, create and evaluate the best algorithms to solve the problem, they work diligently with our customers to implement and drive the highest business value possible from our solutions and ensure customer success. This is a dream job for everyone looking for a position that mixes technical skills with deep AI and business understanding and is looking for a role that is analytical as it is impactful. You will belong to a large community of AI Product Managers and Analysts which will enable you to work and learn with great minds, participate in internal seminars, courses, and mentorship programs as well as in learning from industry best practices and experts, thus ensuring you'll constantly grow your AI product Mgmt. skills and knowledge.QualificationsWhat we are looking for? Student currently pursuing a Bachelor of Science degree majoring in Industrial Engineering or Information System Engineering. Students in advanced degrees with experience in Data Mining Text Mining Predictive Analytics - an advantage. Capacity to work 2.5 days a week in parallel to the studies. Excellent analytical skills. Mature and independent Highly and self-motivated. Willing to work on multiple numbers of tasks in parallel. Excellent communication skills and a strong team player. Excellent English communication skills. #AIhiringInside this Business GroupIntel's Information Technology Group (IT) designs, deploys and supports the information technology architecture and hardware/software applications for Intel. This includes the LAN, WAN, telephony, data centers, client PCs, backup and restore, and enterprise applications. IT is also responsible for e-Commerce development, data hosting and delivery of Web content and services.Other LocationsIL,HaifaPosting StatementAll qualified applicants will receive consideration for employment without regard to race, color, religion, religious creed, sex, national origin, ancestry, age, physical or mental disability, medical condition, genetic information, military and veteran status, marital status, pregnancy, gender, gender expression, gender identity, sexual orientation, or any other characteristic protected by local law, regulation, or ordinance.BenefitsWe offer a total compensation package that ranks among the best in the industry. It consists of competitive pay, stock, bonuses, as well as, benefit programs which include health, retirement, and vacation. Find more information about all of our Amazing Benefits here: https://www.intel.com/content/www/us/en/jobs/benefits.htmlWorking ModelThis role will be eligible for our hybrid work model which allows employees to split their time between working on-site at their assigned Intel site and off-site. In certain circumstances the work model may change to accommodate business needs.
      

        

    
    
    

    
        Show more

        
    
  

        

    
    
    

    
        Show less"
141981,Senior Full Stack Developer בחברה אמריקאית-ישראלית רווחית,gotFriends,This job is not contain any word from you tech stack,https://www.gotfriends.co.il/jobslobby/software/full-stack-developer/141981/,,"ת""א והמרכז","Job requirements:
- 5 years of experience as a Full Stack Developer - experience in Node/Python/Ruby - experience in React/Angular/VueJS - experience from a SaaS startup company"
141944,Full-Stack Engineer בחברה בתחום ה- Fintech,gotFriends,This job is not contain any word from you tech stack,https://www.gotfriends.co.il/jobslobby/software/full-stack-developer/141944-1/,,"ת""א והמרכז","Job requirements:
- 5 years of experience in Full-Stack development - 2 years of experience in Node and React"
141944,Full-Stack Engineer בחברה בתחום ה- Fintech,gotFriends,This job is not contain any word from you tech stack,https://www.gotfriends.co.il/jobslobby/software/full-stack-developer/141944/,,"ת""א והמרכז","Job requirements:
- 5 years of experience in Full-Stack development - 2 years of experience in Node and React"
141929,Fullstack Developer בחברת מוצר וותיקה ומצליחה!,gotFriends,This job is not contain any word from you tech stack,https://www.gotfriends.co.il/jobslobby/software/full-stack-developer/141929/,,"ת""א והמרכז","Job requirements:
- 3 years of experience in #C development - Angular2 experience - SQL experience"
140606,Full Stack Developer בחברת יוניקורן,gotFriends,This job is not contain any word from you tech stack,https://www.gotfriends.co.il/jobslobby/software/full-stack-developer/140606/,,"ת""א והמרכז","Job requirements:
- 3 years of experience as a Full Stack Developer - 3 years of experience in Node.js - experience in React/Vue.js"
141913,Senior Full Stack Engineer בחברה מצליחה,gotFriends,This job is not contain any word from you tech stack,https://www.gotfriends.co.il/jobslobby/software/full-stack-developer/141913/,,"ת""א והמרכז","Job requirements:
- Change experience in development - experience in IDE Plugin"
141873,Full Stack Engineer בחברת FinTech,gotFriends,This job is not contain any word from you tech stack,https://www.gotfriends.co.il/jobslobby/software/full-stack-developer/141873/,,"ת""א והמרכז","Job requirements:
- 4 years of experience in Node.js - 4 years of experience in Angular/Vue.js/React - English at a high level"
141869,Full Stack Developer בתחום הFintech,gotFriends,This job is not contain any word from you tech stack,https://www.gotfriends.co.il/jobslobby/software/full-stack-developer/141869/,,"ת""א והמרכז","Job requirements:
- 4 years of experience in development - Net Web experience - Client experience - Technological degree or graduate from a technological unit"
141866,Senior Full-Stack Developer בסטארט-אפ בתחום ה Fintech,gotFriends,This job is not contain any word from you tech stack,https://www.gotfriends.co.il/jobslobby/software/full-stack-developer/141866-1/,,"ת""א והמרכז","Job requirements:
- 5 years of experience as a Full-Stack Developer - experience in Node - experience in React/Typescript - experience from FinTech companies"
141866,Senior Full-Stack Developer בסטארט-אפ בתחום ה Fintech,gotFriends,This job is not contain any word from you tech stack,https://www.gotfriends.co.il/jobslobby/software/full-stack-developer/141866/,,"ת""א והמרכז","Job requirements:
- 5 years of experience as a Full-Stack Developer - experience in Node - experience in React/Typescript - experience from FinTech companies"
141981,Senior Full Stack Developer בחברה אמריקאית-ישראלית רווחית,gotFriends,This job is not contain any word from you tech stack,https://www.gotfriends.co.il/jobslobby/software/full-stack-developer/141981/,,"ת""א והמרכז","Job requirements:
- 5 years of experience as a Full Stack Developer - experience in Node/Python/Ruby - experience in React/Angular/VueJS - experience from a SaaS startup company"
141944,Full-Stack Engineer בחברה בתחום ה- Fintech,gotFriends,This job is not contain any word from you tech stack,https://www.gotfriends.co.il/jobslobby/software/full-stack-developer/141944-1/,,"ת""א והמרכז","Job requirements:
- 5 years of experience in Full-Stack development - 2 years of experience in Node and React"
141944,Full-Stack Engineer בחברה בתחום ה- Fintech,gotFriends,This job is not contain any word from you tech stack,https://www.gotfriends.co.il/jobslobby/software/full-stack-developer/141944/,,"ת""א והמרכז","Job requirements:
- 5 years of experience in Full-Stack development - 2 years of experience in Node and React"
141929,Fullstack Developer בחברת מוצר וותיקה ומצליחה!,gotFriends,This job is not contain any word from you tech stack,https://www.gotfriends.co.il/jobslobby/software/full-stack-developer/141929/,,"ת""א והמרכז","Job requirements:
- 3 years of experience in #C development - Angular2 experience - SQL experience"
140606,Full Stack Developer בחברת יוניקורן,gotFriends,This job is not contain any word from you tech stack,https://www.gotfriends.co.il/jobslobby/software/full-stack-developer/140606/,,"ת""א והמרכז","Job requirements:
- 3 years of experience as a Full Stack Developer - 3 years of experience in Node.js - experience in React/Vue.js"
141913,Senior Full Stack Engineer בחברה מצליחה,gotFriends,This job is not contain any word from you tech stack,https://www.gotfriends.co.il/jobslobby/software/full-stack-developer/141913/,,"ת""א והמרכז","Job requirements:
- Change experience in development - experience in IDE Plugin"
141873,Full Stack Engineer בחברת FinTech,gotFriends,This job is not contain any word from you tech stack,https://www.gotfriends.co.il/jobslobby/software/full-stack-developer/141873/,,"ת""א והמרכז","Job requirements:
- 4 years of experience in Node.js - 4 years of experience in Angular/Vue.js/React - English at a high level"
141869,Full Stack Developer בתחום הFintech,gotFriends,This job is not contain any word from you tech stack,https://www.gotfriends.co.il/jobslobby/software/full-stack-developer/141869/,,"ת""א והמרכז","Job requirements:
- 4 years of experience in development - Net Web experience - Client experience - Technological degree or graduate from a technological unit"
141866,Senior Full-Stack Developer בסטארט-אפ בתחום ה Fintech,gotFriends,This job is not contain any word from you tech stack,https://www.gotfriends.co.il/jobslobby/software/full-stack-developer/141866-1/,,"ת""א והמרכז","Job requirements:
- 5 years of experience as a Full-Stack Developer - experience in Node - experience in React/Typescript - experience from FinTech companies"
141866,Senior Full-Stack Developer בסטארט-אפ בתחום ה Fintech,gotFriends,This job is not contain any word from you tech stack,https://www.gotfriends.co.il/jobslobby/software/full-stack-developer/141866/,,"ת""א והמרכז","Job requirements:
- 5 years of experience as a Full-Stack Developer - experience in Node - experience in React/Typescript - experience from FinTech companies"
141824,Senior Fullstack Developer בחברה עצמאית ורווחית בתחום ה- High Frequency Trading!,gotFriends,This job is not contain any word from you tech stack,https://www.gotfriends.co.il/jobslobby/software/full-stack-developer/141824/,,"ת""א והמרכז","Job requirements:
- 5 years of experience in Fullstack development - experience as a Senior\ Lead - experience in NodeJS\ Python + React"
141833,Fullstack Developer בחברה מצליחה!,gotFriends,This job is not contain any word from you tech stack,https://www.gotfriends.co.il/jobslobby/software/full-stack-developer/141833/,,"ת""א והמרכז","Job requirements:
-4 years of experience in #C development in a WEB environment.-Experience in Angular-Experience in Cloud-Experience in SQL"
141825,Fullstack Developer בחברת סטארט-אפ מצליחה בתחום התיירות!,gotFriends,This job is not contain any word from you tech stack,https://www.gotfriends.co.il/jobslobby/software/full-stack-developer/141825/,,"ת""א והמרכז","Job requirements:
- 3 years of experience in React. - 3 years of experience in Node - experience in Typescript"
141799,Fullstack Engineer בחברת סטארט-אפ מדהימה העוסקת בתחום ה- Data בטכנולוגיית AI!,gotFriends,This job is not contain any word from you tech stack,https://www.gotfriends.co.il/jobslobby/software/full-stack-developer/141799/,,"ת""א והמרכז","Job requirements:
- 5 years of experience in Fullstack development - Experience in NodeJS - Experience in JavaScript - Experience in Cloud - Technology degree"
141817,Full stack engineer בסטארט-אפ B2D ישראלי חדש,gotFriends,This job is not contain any word from you tech stack,https://www.gotfriends.co.il/jobslobby/software/full-stack-developer/141817/,,"ת""א והמרכז","Job requirements:
- 5 years of experience as a Full Stack Engineer - experience in Java/C++ Nodejs Kotlin/Scala/Python/GO/Clojure - experience in React/Typescript/Angular - experience in Kubernetes/Cloud - experience from product companies"
141807,Frontend/Full Stack Developer בחברה ייחודית,gotFriends,This job is not contain any word from you tech stack,https://www.gotfriends.co.il/jobslobby/software/full-stack-developer/141807/,,"ת""א והמרכז","Job requirements:
- 3 years of experience in Full Stack/Frontend development - experience in React - experience in Python/NodeJS/Go - experience in Cloud - experience from startup/high-tech/SaaS companies"
141797,Full Stack Engineer סטארט-אפ B2D ישראלי,gotFriends,This job is not contain any word from you tech stack,https://www.gotfriends.co.il/jobslobby/software/full-stack-developer/141797/,,"ת""א והמרכז","Job requirements:
- 5 years of experience as a Full Stack Engineer - experience in Java/Scala/Python/GO/Clojure Nodejs Kotlin - experience in React/Typescript - experience in Cloud/Kubernetes - technology degree or graduate from a technology unit - experience from companies product"
141780,Senior Fullstack Developer סטארט-אפ גלובלי בצמחיה,gotFriends,This job is not contain any word from you tech stack,https://www.gotfriends.co.il/jobslobby/software/full-stack-developer/141780/,,"ת""א והמרכז","Job requirements:
- 4 years of experience in Fullstack development - experience in Node - experience in React"
141779,Full Stack Developer בחברת סטארט-אפ מצליחה,gotFriends,This job is not contain any word from you tech stack,https://www.gotfriends.co.il/jobslobby/software/full-stack-developer/141779/,,"ת""א והמרכז","Job requirements:
- 5 years of experience as a Full Stack Developer - technological degree"
141734,Senior Full Stack Developer בחברה מצליחה בתחום ה- IoT!,gotFriends,This job is not contain any word from you tech stack,https://www.gotfriends.co.il/jobslobby/software/full-stack-developer/141734/,,"ת""א והמרכז","Job requirements:
- 5 years of experience in NET development in a WEB environment - NET Core experience - Angular 6 + experience - SQL Server experience"
141676,Full-Stack Developer בסטארט-אפ גלובאלי מבטיח בתחום ה- Fintech!,gotFriends,This job is not contain any word from you tech stack,https://www.gotfriends.co.il/jobslobby/software/full-stack-developer/141676/,,"ת""א והמרכז","Job requirements:
3 years of experience in Fullstack development - experience in NodeJS + React - command of the English language"
139901,Full Stack Engineer בסטארט-אפ מצליח בתחום ה- Cloud Data Security!,gotFriends,This job is not contain any word from you tech stack,https://www.gotfriends.co.il/jobslobby/software/full-stack-developer/139901/,,"ת""א והמרכז","Job requirements:
- 5 years of experience in Fullstack development - experience in React + NodeJS - technology degree"
141741,Full Stack Team Leader בחברת סטארט-אפ מרשימה בתחום ה- Data!,gotFriends,This job is not contain any word from you tech stack,https://www.gotfriends.co.il/jobslobby/software/full-stack-developer/141741/,,"ת""א והמרכז","Job requirements:
- 2 years of management experience - 5 years of experience in FullStack development - Experience in React + Node"
141712,Senior Software Engineer בסטארט-אפ בתחום ה- Fintech,gotFriends,This job is not contain any word from you tech stack,https://www.gotfriends.co.il/jobslobby/software/full-stack-developer/141712/,,"ת""א והמרכז","Job requirements:
- 4 years of experience in Full Stack development - 4 years of experience in Nodejs - experience in React - experience in Python - experience in Microservices - experience in Linux - high level English"
141543,Full Stack Developer בחברה חדשנית,gotFriends,This job is not contain any word from you tech stack,https://www.gotfriends.co.il/jobslobby/software/full-stack-developer/141543/,,"ת""א והמרכז","Job requirements:
- change experience in Vue - change experience in Node.js - experience in HTML - experience in CSS is"
141657,Full Stack Engineer בחברת סטארט-אפ מרשימה בתחום ה- AI!,gotFriends,This job is not contain any word from you tech stack,https://www.gotfriends.co.il/jobslobby/software/full-stack-developer/141657/,,"ת""א והמרכז","Job requirements:
- 3 years of experience in Frontend\Fullstack development - Server experience - 1 year of experience in React"
141650,Senior Full-Stack Developer בחברת E-Commerce מרשימה!,gotFriends,This job is not contain any word from you tech stack,https://www.gotfriends.co.il/jobslobby/software/full-stack-developer/141650/,,"ת""א והמרכז","Job requirements:
- 5 years of experience in WEB development - 2 years of experience in NodeJS - 2 years of experience in Frontend development - experience in Java Script - experience in CI\CD - experience in Data Base"
141649,"Full-Stack Engineer  בחברת B2B, B2C",gotFriends,This job is not contain any word from you tech stack,https://www.gotfriends.co.il/jobslobby/software/full-stack-developer/141649/,,"ת""א והמרכז","Job requirements:
- 6 years of experience in development - experience in React - experience in GO\ Node\ Scala\ Java\ Python - experience in Cloud + SQL"
141618,Fullstack React + NodeJS בחברת סטארט-אפ מדהימה בתחום המסעדנות וה- E-commerce!,gotFriends,This job is not contain any word from you tech stack,https://www.gotfriends.co.il/jobslobby/software/full-stack-developer/141618/,,"ת""א והמרכז","Job requirements:
- 5 years of experience in development - 3 years of experience in React - 1 year of experience in NodeJS - Graduated from a technological unit or technological degree"
141621,Full-stack Developer בחברה משגשגת,gotFriends,This job is not contain any word from you tech stack,https://www.gotfriends.co.il/jobslobby/software/full-stack-developer/141621/,,"ת""א והמרכז","Job requirements:
- 5 years of experience in Full Stack development - experience in GO/Ruby/Nodejs/Python - experience in Frontend development - experience in Web"
141607,Full-stack Software Engineer בחברת סטארט-אפ מצליחה,gotFriends,This job is not contain any word from you tech stack,https://www.gotfriends.co.il/jobslobby/software/full-stack-developer/141607/,,"ת""א והמרכז","Job requirements:
- 3 years of experience in Frontend development - experience in React - experience in NodeJS"
141536,Fullstack בחברת סטארט-אפ מדהימה!,gotFriends,This job is not contain any word from you tech stack,https://www.gotfriends.co.il/jobslobby/software/full-stack-developer/141536/,,"ת""א והמרכז","Job requirements:
- 3 years of experience in Fullstack development - 3 years of experience in React - experience in Server"
141560,Full Stack Engineer בתחום ה-Fitness וה-Wellness,gotFriends,This job is not contain any word from you tech stack,https://www.gotfriends.co.il/jobslobby/software/full-stack-developer/141560-1/,,"ת""א והמרכז","Job requirements:
- 5 years of experience in development - experience in Node - experience in React - experience in AWS - experience from start-up companies"
141560,Full Stack Engineer בחברה מצליחה,gotFriends,This job is not contain any word from you tech stack,https://www.gotfriends.co.il/jobslobby/software/full-stack-developer/141560/,,"ת""א והמרכז","Job requirements:
- 5 years of experience in development - experience in Node - experience in React - experience in AWS - experience from start-up companies"
141564,Full Stack Engineer חברת סייבר מובילה,gotFriends,This job is not contain any word from you tech stack,https://www.gotfriends.co.il/jobslobby/software/full-stack-developer/141564/,,"ת""א והמרכז","Job requirements:
- 4 years of Python development experience - 2 years of React experience - TypeScript experience - Cloud experience - SQL experience - Product company experience"
141458,Senior Fullstack Developer בסטארט-אפ מדהים!,gotFriends,This job is not contain any word from you tech stack,https://www.gotfriends.co.il/jobslobby/software/full-stack-developer/141458/,,"ת""א והמרכז","Job requirements:
- 5 years of experience in Fullstack NodeJS - experience in Angular2/ React/ Vue - experience in Docker\ K8S\ Microservices"
141444,Full Stack Team Leader בחברה מצליחה,gotFriends,This job is not contain any word from you tech stack,https://www.gotfriends.co.il/jobslobby/software/full-stack-developer/141444/,,"ת""א והמרכז","Job requirements:
- 5 years of experience in Python\Nodejs\Go development - 2 years of experience as a development team leader"
141410,Full-Stack Developer בחברה מרשימה,gotFriends,This job is not contain any word from you tech stack,https://www.gotfriends.co.il/jobslobby/software/full-stack-developer/141410/,,"ת""א והמרכז","Job requirements:
- 3 years of experience in NET development. - Experience as a Full-Stack/Backend Developer - NoSQL experience"
141419,Senior Full-Stack Developer בחברה מדהימה,gotFriends,This job is not contain any word from you tech stack,https://www.gotfriends.co.il/jobslobby/software/full-stack-developer/141419/,,"ת""א והמרכז","Job requirements:
- 5 years of experience in Full-Stack development - experience in Python - experience in React"
141375,Software Engineer- בחברת סטארט-אפ מדהימה בתחום ה- AI!,gotFriends,This job is not contain any word from you tech stack,https://www.gotfriends.co.il/jobslobby/software/full-stack-developer/141375/,,"ת""א והמרכז","Job requirements:
- 3 years of experience in Fullstack development - familiarity with 2 development languages ​​- one of which is Python - technology degree"
139470,"Fullstack Developer, בחברת סטארט-אפ ישראלית אמריקאית",gotFriends,This job is not contain any word from you tech stack,https://www.gotfriends.co.il/jobslobby/software/full-stack-developer/139470/,,"ת""א והמרכז","Job requirements:
5 years experience in Java development Experience in FrontendMICROSEVICES AWS development"
141368,Senior Full Stack Engineer בחברה בתחום ה-Medical,gotFriends,This job is not contain any word from you tech stack,https://www.gotfriends.co.il/jobslobby/software/full-stack-developer/141368/,,"ת""א והמרכז","Job requirements:
- 4 years of experience in Node/Python development - 2 years of experience in React - experience in AWS"
141370,Software Full-stack Developer בחברה מדהימה,gotFriends,This job is not contain any word from you tech stack,https://www.gotfriends.co.il/jobslobby/software/full-stack-developer/141370/,,"ת""א והמרכז","Job requirements:
- Two years experience in full-stack development - experience in Python - technology degree"
141348,Fullstack Developer עם נטייה לצד הServer,gotFriends,This job is not contain any word from you tech stack,https://www.gotfriends.co.il/jobslobby/software/full-stack-developer/141348/,,"ת""א והמרכז","Job requirements:
- 4 years of experience in Backend/Fullstack development - experience in Java/ Scala/ Kotlin - experience in Microservices"
141346,Fullstack Developer בחברת סטארט-אפ מרשימה בצמיחה בתחום האגריטק!,gotFriends,This job is not contain any word from you tech stack,https://www.gotfriends.co.il/jobslobby/software/full-stack-developer/141346/,,"ת""א והמרכז","Job requirements:
- 4 years experience in Fullstack development - Experience in React - Experience in Javascript - Experience in Java - Experience in Spring - Experience in SQL - Experience in Linux - High level English"
141318,Fullstack Developer בחברת סטארט-אפ מצליחה בתחום Quality Intelligence!,gotFriends,This job is not contain any word from you tech stack,https://www.gotfriends.co.il/jobslobby/software/full-stack-developer/141318/,,"ת""א והמרכז","Job requirements:
- 5 years of experience in development - experience in Node - experience in Angular 2 - experience in AWS"
141261,Backend Developer/ Fullstack Developer בחברה טכנולוגית ותיקה יציבה ומבוססת!,gotFriends,This job is not contain any word from you tech stack,https://www.gotfriends.co.il/jobslobby/software/full-stack-developer/141261/,,"ת""א והמרכז","Job requirements:
- 6 years of experience in #C development - Experience in SQL - Knowledge of English at a high level"
141279,Fullstack Developer בחברת סטארט-אפ מצליחה בתחום ה- Fintech!,gotFriends,This job is not contain any word from you tech stack,https://www.gotfriends.co.il/jobslobby/software/full-stack-developer/141279/,,"ת""א והמרכז","Job requirements:
-3 years of experience in #C-Experience in Fullstack development"
141268,Full-stack Developer בחברה מרשימה,gotFriends,This job is not contain any word from you tech stack,https://www.gotfriends.co.il/jobslobby/software/full-stack-developer/141268/,,"ת""א והמרכז","Job requirements:
- 3 years of experience in full-stack development - experience in Python/NodeJS/Go - experience in React - experience in Cloud - experience from SaaS/start-up/high-tech companies - technology degree"
141208,Fullstack/ Backend Developer בחברת סטארט-אפ מרשימה העוסקת בתחום ה- Cyber!,gotFriends,This job is not contain any word from you tech stack,https://www.gotfriends.co.il/jobslobby/software/full-stack-developer/141208/,,"ת""א והמרכז","Job requirements:
- 4 years of experience in Fullstack/Backend development - Server experience in Python/Node GO/ ROR - Experience in Microservices"
141186,Senior Fullstack Engineer בחברת סטארט-אפ מגניבה ורווחית בתחום ה- עיצוב פנים ו- AI!,gotFriends,This job is not contain any word from you tech stack,https://www.gotfriends.co.il/jobslobby/software/full-stack-developer/141186/,,"ת""א והמרכז","Job requirements:
- 5 years of experience in Node/Python development - Experience in +React/Vue/ Angular 2 - Technology degree or technology unit graduate with 5 years of experience in the army"
141187,Full-stack Engineer בחברת סטארט-אפ מצליחה,gotFriends,This job is not contain any word from you tech stack,https://www.gotfriends.co.il/jobslobby/software/full-stack-developer/141187/,,"ת""א והמרכז","Job requirements:
- 4 years of experience in Node/Python development - experience in React/Angular2/VueJS - technological degree or technology unit graduate"
141098,Full-stack Developer בחברה מרשימה,gotFriends,This job is not contain any word from you tech stack,https://www.gotfriends.co.il/jobslobby/software/full-stack-developer/141098/,,"ת""א והמרכז","Job requirements:
- 4 years of experience in Java/Scala/Clojure/Kotlin development - Client experience - Cloud experience - Technological degree or graduate from a technological unit"
141067,Fullstack Developer בחברת סטארט-אפ מגניבה בתחום ה- E- commerce!,gotFriends,This job is not contain any word from you tech stack,https://www.gotfriends.co.il/jobslobby/software/full-stack-developer/141067/,,"ת""א והמרכז","Job requirements:
- 5 years of experience as a Fullstack Developer - 3 years of experience in Node - 2 years of experience in React - experience in SaaS - experience in the Cloud"
141054,Senior Full Stack Developer בחברת סטארט-אפ בתחום ה-Real Estate Management,gotFriends,This job is not contain any word from you tech stack,https://www.gotfriends.co.il/jobslobby/software/full-stack-developer/141054/,,"ת""א והמרכז","Job requirements:
- 5 years of experience in development - 3 years of experience in React - 3 years of experience in NodeJS - experience in start-up companies"
141053,Full-Stack Team Leader בסטארט-אפ ייחודי,gotFriends,This job is not contain any word from you tech stack,https://www.gotfriends.co.il/jobslobby/software/full-stack-developer/141053/,,"ת""א והמרכז","Job requirements:
- Two years of experience as a Full-Stack Team Leader - experience in NodeJS - experience in React"
141019,Full Stack Engineer בחברה מדהימה בתחום הרפואי!,gotFriends,This job is not contain any word from you tech stack,https://www.gotfriends.co.il/jobslobby/software/full-stack-developer/141019/,,"ת""א והמרכז","Job requirements:
- 5 years of development experience - NET experience. or NET Core.- Experience in Angular"
141035,Fullstack Developer בחברת סטארט-אפ מצליחה!,gotFriends,This job is not contain any word from you tech stack,https://www.gotfriends.co.il/jobslobby/software/full-stack-developer/141035/,,"ת""א והמרכז","Job requirements:
- 5 years of experience in Fullstack development - experience in Angular2+"
141033,Full-Stack Developer בחברה מדהימה בתחום ה- Ad-Tech!,gotFriends,This job is not contain any word from you tech stack,https://www.gotfriends.co.il/jobslobby/software/full-stack-developer/141033/,,"ת""א והמרכז","Job requirements:
- 3 years of experience in Node.JS - 2 years of experience in React.JS"
140983,Fullstack Developer בחברת סטארט-אפ מצליחה בתחום Creative Technology!,gotFriends,This job is not contain any word from you tech stack,https://www.gotfriends.co.il/jobslobby/software/full-stack-developer/140983/,,"ת""א והמרכז","Job requirements:
- 5 years of experience in Fullstack development - development experience in React"
140980,Senior Full Stack Engineer בחברת סטארט-אפ מרשימה וחדשנית בתחום הרפואי!,gotFriends,This job is not contain any word from you tech stack,https://www.gotfriends.co.il/jobslobby/software/full-stack-developer/140980/,,"ת""א והמרכז","Job requirements:
- 4 years of experience as a Fullstack developer - 2 years of experience with Python - 1 year of experience with React/ VueJS - Experience with AWS"
140964,Full-Stack Developer קוד בחברת הייטק בינלאומית מדהימה!,gotFriends,This job is not contain any word from you tech stack,https://www.gotfriends.co.il/jobslobby/software/full-stack-developer/140964/,,"ת""א והמרכז","Job requirements:
- 4 years of Fullstack experience - experience in Java - experience in React"
140984,Full Stack Developer בחברת סטארט-אפ ייחודית,gotFriends,This job is not contain any word from you tech stack,https://www.gotfriends.co.il/jobslobby/software/full-stack-developer/140984/,,"ת""א והמרכז","Job requirements:
- 3 years of experience in Fullstack development - experience in Backend development with Nodejs - experience in Client"
140966,Senior Full stack Developer בחברת סטארט-אפ מרשימה!,gotFriends,This job is not contain any word from you tech stack,https://www.gotfriends.co.il/jobslobby/software/full-stack-developer/140966/,,"ת""א והמרכז","Job requirements:
- 4 years of experience in Fullstack development - Experience in NodeJS development - Experience in Frontend development"
140960,FullStack Engineer בחברת סטארט-אפ מצליחה!,gotFriends,This job is not contain any word from you tech stack,https://www.gotfriends.co.il/jobslobby/software/full-stack-developer/140960/,,"ת""א והמרכז","Job requirements:
- 4 years of development experience - experience in React - experience in Node"
140963,Senior Full Stack Developer בחברת סטארט-אפ מצליחה עם מוצר שתורם לאנושות ומציל חיי אדם!,gotFriends,This job is not contain any word from you tech stack,https://www.gotfriends.co.il/jobslobby/software/full-stack-developer/140963/,,"ת""א והמרכז","Job requirements:
- 4 years of development experience - 2 years of experience in NodeJS/ VUE/ Anfuar2+/ React - experience in Python - experience in AWS"
140935,Full Stack Developer  בחברת Startup ב-Stealth Mode,gotFriends,This job is not contain any word from you tech stack,https://www.gotfriends.co.il/jobslobby/software/full-stack-developer/140935/,,"ת""א והמרכז","Job requirements:
- 7 years of experience in Fullstack development - 3 years of experience in Nodejs - 3 years of experience in React - experience with Cloud"
140931,Senior Full Stack Engineer בחברת Startup ייחודית,gotFriends,This job is not contain any word from you tech stack,https://www.gotfriends.co.il/jobslobby/software/full-stack-developer/140931/,,"ת""א והמרכז","Job requirements:
- 5 years of experience in Frontend - experience in Nodejs - experience in React"
140921,Senior Full Stack Engineerבחברת Startup בתחום Rental Property Management,gotFriends,This job is not contain any word from you tech stack,https://www.gotfriends.co.il/jobslobby/software/full-stack-developer/senior-full-stack-engineer%D7%91%D7%97%D7%91%D7%A8%D7%AA-startup-%D7%91%D7%AA%D7%97%D7%95%D7%9D-rental-property-management/,,"ת""א והמרכז","Job requirements:
- 5 years of experience in Full Stack development - experience in Nodejs - experience in React"
140896,Senior Full-Stack Developer בחברת סטארט-אפ מצליחה בתחום Creative Technology!,gotFriends,This job is not contain any word from you tech stack,https://www.gotfriends.co.il/jobslobby/software/full-stack-developer/senior-full-stack-developer-%D7%91%D7%97%D7%91%D7%A8%D7%AA-%D7%A1%D7%98%D7%90%D7%A8%D7%98-%D7%90%D7%A4-%D7%9E%D7%A6%D7%9C%D7%99%D7%97%D7%94-%D7%91%D7%AA%D7%97%D7%95%D7%9D-creative-technology/,,"ת""א והמרכז","Job requirements:
- 5 years of experience in Fullstack development - experience with NodeJS - experience in the Cloud environment"
140869,Senior Software Engineer בחברת סטארט-אפ רפואי בתחום ה- Health Care!,gotFriends,This job is not contain any word from you tech stack,https://www.gotfriends.co.il/jobslobby/software/full-stack-developer/senior-software-engineer-%D7%91%D7%97%D7%91%D7%A8%D7%AA-%D7%A1%D7%98%D7%90%D7%A8%D7%98-%D7%90%D7%A4-%D7%A8%D7%A4%D7%95%D7%90%D7%99-%D7%91%D7%AA%D7%97%D7%95%D7%9D-%D7%94-health-care/,,"ת""א והמרכז","Job requirements:
- 4 years of experience in development - experience in Node/ Python development - experience in React development"
140868,Fullstack Developer בסטארט אפ בתחום ה- Impact & AgroTech,gotFriends,This job is not contain any word from you tech stack,https://www.gotfriends.co.il/jobslobby/software/full-stack-developer/fullstack-developer-%D7%91%D7%A1%D7%98%D7%90%D7%A8%D7%98-%D7%90%D7%A4-%D7%91%D7%AA%D7%97%D7%95%D7%9D-%D7%94-impact-agrotech/,,"ת""א והמרכז","Job requirements:
- 5 years of experience in Fullstack development - experience in Java development - experience in Frontend development"
140861,Full Stack Developer בחברת סטראטאפ בתחום ה FinTech,gotFriends,This job is not contain any word from you tech stack,https://www.gotfriends.co.il/jobslobby/software/full-stack-developer/full-stack-developer-%D7%91%D7%97%D7%91%D7%A8%D7%AA-%D7%A1%D7%98%D7%A8%D7%90%D7%98%D7%90%D7%A4-%D7%91%D7%AA%D7%97%D7%95%D7%9D-%D7%94-fintech-1/,,"ת""א והמרכז","Job requirements:
- 3 years of experience in development - experience in PHP - experience in React"
140861,Full Stack Developer בחברת סטראטאפ בתחום ה FinTech,gotFriends,This job is not contain any word from you tech stack,https://www.gotfriends.co.il/jobslobby/software/full-stack-developer/full-stack-developer-%D7%91%D7%97%D7%91%D7%A8%D7%AA-%D7%A1%D7%98%D7%A8%D7%90%D7%98%D7%90%D7%A4-%D7%91%D7%AA%D7%97%D7%95%D7%9D-%D7%94-fintech/,,"ת""א והמרכז","Job requirements:
- 3 years of experience in development - experience in PHP - experience in React"
140807,Full Stack Developer בחברה מרשימה העוסקת בתחום הרפואי!,gotFriends,This job is not contain any word from you tech stack,https://www.gotfriends.co.il/jobslobby/software/full-stack-developer/full-stack-developer-1/,,"ת""א והמרכז","Job requirements:
- Technological degree/ military service - two years of experience in frontend or fullstack development - experience in Angular 8+ / React / Vue development - experience in backend development - experience in AWS - experience in product/ SaaS/ high-tech companies"
140778,Full Stack Engineer בחברת הייטק מובילה!,gotFriends,This job is not contain any word from you tech stack,https://www.gotfriends.co.il/jobslobby/software/full-stack-developer/full-stack-engineer-2/,,"ת""א והמרכז","Job requirements:
- 3 years of experience in Node - 3 years of experience in React"
140707,Fullstack Developer בחברה מרשימה!,gotFriends,This job is not contain any word from you tech stack,https://www.gotfriends.co.il/jobslobby/software/full-stack-developer/fullstack-developer-1/,,"ת""א והמרכז","Job requirements:
- Change experience in development - experience in PHP - experience in Laravel - experience in Java Script, HTML, CSS - experience in SQL"
140718,Senior Fullstack Engineer בחברת Insure Tech מדהימה!,gotFriends,This job is not contain any word from you tech stack,https://www.gotfriends.co.il/jobslobby/software/full-stack-developer/senior-fullstack-engineer-%D7%91%D7%97%D7%91%D7%A8%D7%AA-insure-tech-%D7%9E%D7%93%D7%94%D7%99%D7%9E%D7%94/,,"ת""א והמרכז","Job requirements:
- 3 years of experience in Backend development - Experience in Angular2+/ React/Vue - Experience in Server: Java/Python - Experience in AWS/ GCP/ Azure - Experience in Microservices - Experience in RabbitMQ/ Kafka"
140714,Fullstack/Backend בחברת הייטק רווחית ומצליחה!,gotFriends,This job is not contain any word from you tech stack,https://www.gotfriends.co.il/jobslobby/software/full-stack-developer/fullstackbackend/,,"ת""א והמרכז","Job requirements:
- 4 years of experience in Java/Scala/Kotlin - bachelor's degree in technology"
140714,Fullstack/Backend בחברת הייטק רווחית ומצליחה!,gotFriends,This job is not contain any word from you tech stack,https://www.gotfriends.co.il/jobslobby/software/full-stack-developer/fullstackbackend-%D7%91%D7%97%D7%91%D7%A8%D7%AA-%D7%94%D7%99%D7%99%D7%98%D7%A7-%D7%A8%D7%95%D7%95%D7%97%D7%99%D7%AA-%D7%95%D7%9E%D7%A6%D7%9C%D7%99%D7%97%D7%94/,,"ת""א והמרכז","Job requirements:
- 4 years of experience in Java/Scala/Kotlin - bachelor's degree in technology"
140639,Full Stack React + NodeJS בחברת סטארט-אפ מצליחה ופורצת דרך בתחום התיירות והמלונאות!,gotFriends,This job is not contain any word from you tech stack,https://www.gotfriends.co.il/jobslobby/software/full-stack-developer/full-stack-react-plus-nodejs-%D7%91%D7%97%D7%91%D7%A8%D7%AA-%D7%A1%D7%98%D7%90%D7%A8%D7%98-%D7%90%D7%A4-%D7%9E%D7%A6%D7%9C%D7%99%D7%97%D7%94-%D7%95%D7%A4%D7%95%D7%A8%D7%A6%D7%AA-%D7%93%D7%A8%D7%9A-%D7%91%D7%AA%D7%97%D7%95%D7%9D-%D7%94%D7%AA%D7%99%D7%99%D7%A8%D7%95%D7%AA-%D7%95%D7%94%D7%9E%D7%9C%D7%95%D7%A0%D7%90%D7%95%D7%AA/,,"ת""א והמרכז","Job requirements:
- 5 years of experience in development - experience in Node - experience in React"
140646,Full Stack Engineer בחברת סטארט-אפ מדהימה!,gotFriends,This job is not contain any word from you tech stack,https://www.gotfriends.co.il/jobslobby/software/full-stack-developer/full-stack-engineer-%D7%91%D7%97%D7%91%D7%A8%D7%AA-%D7%A1%D7%98%D7%90%D7%A8%D7%98-%D7%90%D7%A4-%D7%9E%D7%93%D7%94%D7%99%D7%9E%D7%94-1/,,"ת""א והמרכז","Job requirements:
- Experience in Full Stack development with an emphasis on Backend - Development experience in Vue.js, Typescript, React - 3 years of experience as Full Stack NodeJS - Experience in Vue.js/ React"
140659,Full Stack Developer בחברת הייטק חדשנית,gotFriends,This job is not contain any word from you tech stack,https://www.gotfriends.co.il/jobslobby/software/full-stack-developer/full-stack-developer-%D7%91%D7%97%D7%91%D7%A8%D7%AA-%D7%94%D7%99%D7%99%D7%98%D7%A7-%D7%97%D7%93%D7%A9%D7%A0%D7%99%D7%AA/,,"ת""א והמרכז","Job requirements:
- 6 years of experience in Full Stack development - experience in React/Angular/Vue - experience in SQL"
140649,Senior Full Stack developer בחברת סטארט-אפ,gotFriends,This job is not contain any word from you tech stack,https://www.gotfriends.co.il/jobslobby/software/full-stack-developer/senior-full-stack-developer-%D7%91%D7%97%D7%91%D7%A8%D7%AA-%D7%A1%D7%98%D7%90%D7%A8%D7%98-%D7%90%D7%A4/,,"ת""א והמרכז","Job requirements:
- 3 years of experience in Full Stack - experience in React - experience in NodeJS - experience from high-tech/security companies"
140601,Data Engineer בחברת סטארט אפ שעוסקת בתחום של AI,gotFriends,This job is not contain any word from you tech stack,https://www.gotfriends.co.il/jobslobby/software/full-stack-developer/data-engineer-%D7%91%D7%97%D7%91%D7%A8%D7%AA-%D7%A1%D7%98%D7%90%D7%A8%D7%98-%D7%90%D7%A4-%D7%A9%D7%A2%D7%95%D7%A1%D7%A7%D7%AA-%D7%91%D7%AA%D7%97%D7%95%D7%9D-%D7%A9%D7%9C-ai/,,"ת""א והמרכז","Job requirements:
- 3 years of experience in Data Engineer roles - Python experience - SQL experience - Cloud experience - Data experience"
140610,Senior Full stack Engineer בחברת סייבר בתחום ה- Network Visibility,gotFriends,This job is not contain any word from you tech stack,https://www.gotfriends.co.il/jobslobby/software/full-stack-developer/senior-full-stack-engineer-%D7%91%D7%97%D7%91%D7%A8%D7%AA-%D7%A1%D7%99%D7%99%D7%91%D7%A8-%D7%91%D7%AA%D7%97%D7%95%D7%9D-%D7%94-network-visibility-1/,,"ת""א והמרכז","Job requirements:
The company was established in 2019, it deals in the field of Network Visibility and enables its customers to analyze and process the network traffic in depth with the help of a sophisticated Machine Learning mechanism on which they registered a patent. The system, which is an AWS-based SaaS system, allows customers to have full visibility of their network behavior (identify loopholes, identify obsolete devices). In addition, the technology provides real-time detection and monitoring of attacks on the customers' systems. The company today achieves faster results than any firewall that sits on the system, and manages to avoid blind spots. The company raised 7 million dollars in Seed, including paying customers from the American market. They work in a hybrid model, are located in the central area (railway line) and number about 20 employees. The nature of the job: joining an existing team, the backend is written in Python & NodeJS Frontend is written in React. Running on AWS, Microservices."
140610,Senior Full stack Engineer בחברת סייבר בתחום ה- Network Visibility,gotFriends,This job is not contain any word from you tech stack,https://www.gotfriends.co.il/jobslobby/software/full-stack-developer/senior-full-stack-engineer-%D7%91%D7%97%D7%91%D7%A8%D7%AA-%D7%A1%D7%99%D7%99%D7%91%D7%A8-%D7%91%D7%AA%D7%97%D7%95%D7%9D-%D7%94-network-visibility/,,"ת""א והמרכז","Job requirements:
- 4 years of experience in Full Stack development - experience in one of the following: Python / Node - experience in React - experience with cloud - experience from high-tech companies / start-up"
140573,Senior Full Stack Developer בחברת סטארט-אפ מדהימה בתחום השיווק והפרסום הדיגיטלי!,gotFriends,This job is not contain any word from you tech stack,https://www.gotfriends.co.il/jobslobby/software/full-stack-developer/senior-fullstack-developer-%D7%91%D7%97%D7%91%D7%A8%D7%AA-%D7%A1%D7%98%D7%90%D7%A8%D7%98-%D7%90%D7%A4-%D7%9E%D7%93%D7%94%D7%99%D7%9E%D7%94-%D7%91%D7%AA%D7%97%D7%95%D7%9D-%D7%94%D7%A9%D7%99%D7%95%D7%95%D7%A7-%D7%95%D7%94%D7%A4%D7%A8%D7%A1%D7%95%D7%9D-%D7%94%D7%93%D7%99%D7%92%D7%99%D7%98%D7%9C%D7%99/,,"ת""א והמרכז","Job requirements:
- 5 years of experience in Web software development - 2 years of development experience in NodeJS - experience on the client side"
140543,Fullstack Developer בחברת סטארט-אפ מובילה בתחומה בעולמות ה- Security וה- AI!,gotFriends,This job is not contain any word from you tech stack,https://www.gotfriends.co.il/jobslobby/software/full-stack-developer/fullstack-developer-%D7%91%D7%97%D7%91%D7%A8%D7%AA-%D7%A1%D7%98%D7%90%D7%A8%D7%98-%D7%90%D7%A4-%D7%9E%D7%95%D7%91%D7%99%D7%9C%D7%94-%D7%91%D7%AA%D7%97%D7%95%D7%9E%D7%94-%D7%91%D7%A2%D7%95%D7%9C%D7%9E%D7%95%D7%AA-%D7%94-security-%D7%95%D7%94-ai/,,"ת""א והמרכז","Job requirements:
- 3 years of experience as a Fullstack developer - experience in React - experience in Back High Level technology - experience in NoSQL Databases"
140520,Full Stack Developer בחברה מדהימה!,gotFriends,This job is not contain any word from you tech stack,https://www.gotfriends.co.il/jobslobby/software/full-stack-developer/full-stack-developer-%D7%91%D7%97%D7%91%D7%A8%D7%94-%D7%9E%D7%93%D7%94%D7%99%D7%9E%D7%94/,,"ת""א והמרכז","Job requirements:
- 3 years of experience in Full Stack development - experience with Cloud - experience with Client - relevant degree"
140503,Software Engineer Full-Stack בחברת סטארט-אפ בתחום ה-Devtools,gotFriends,This job is not contain any word from you tech stack,https://www.gotfriends.co.il/jobslobby/software/full-stack-developer/software-engineer-full-stack-%D7%91%D7%97%D7%91%D7%A8%D7%AA-%D7%A1%D7%98%D7%90%D7%A8%D7%98-%D7%90%D7%A4-%D7%91%D7%AA%D7%97%D7%95%D7%9D-%D7%94-devtools/,,"ת""א והמרכז","Job requirements:
- 3 years of experience in development - an academic degree in computer science/software/experience from a technological unit"
140499,Senior Full Stack Engineer בחברת Startup בתחום Rental Property Management,gotFriends,This job is not contain any word from you tech stack,https://www.gotfriends.co.il/jobslobby/software/full-stack-developer/senior-full-stack-engineer-%D7%91%D7%97%D7%91%D7%A8%D7%AA-startup-%D7%91%D7%AA%D7%97%D7%95%D7%9D-rental-property-management/,,"ת""א והמרכז","Job requirements:
- 5 years of experience in Fullstack development - 2 years of experience with React and Nodejs"
140474,Fullstack Developer בחברה אמריקאית- ישראלית רווחית ומצליחה!,gotFriends,This job is not contain any word from you tech stack,https://www.gotfriends.co.il/jobslobby/software/full-stack-developer/fullstack-developer-%D7%91%D7%97%D7%91%D7%A8%D7%94-%D7%90%D7%9E%D7%A8%D7%99%D7%A7%D7%90%D7%99%D7%AA-%D7%99%D7%A9%D7%A8%D7%90%D7%9C%D7%99%D7%AA-%D7%A8%D7%95%D7%95%D7%97%D7%99%D7%AA-%D7%95%D7%9E%D7%A6%D7%9C%D7%99%D7%97%D7%94/,,"ת""א והמרכז","Job requirements:
- 3 years of experience in Fullstack development - experience in NET\ Node\ Python\ Ruby - experience in React\ Angular\ VueJS - experience in SaaS"
140452,Senior Full Stack Engineer בחברה מדהימה!,gotFriends,This job is not contain any word from you tech stack,https://www.gotfriends.co.il/jobslobby/software/full-stack-developer/senior-full-stack-engineer-%D7%91%D7%97%D7%91%D7%A8%D7%94-%D7%9E%D7%93%D7%94%D7%99%D7%9E%D7%94/,,"ת""א והמרכז","Job requirements:
- 4 years of experience in Full Stack development - experience in NodeJS development - experience in React development"
140439,Full Stack Developer בחברת סטארט-אפ מרשימה בתחום ה- Fintech!,gotFriends,This job is not contain any word from you tech stack,https://www.gotfriends.co.il/jobslobby/software/full-stack-developer/full-stack-developer-%D7%91%D7%97%D7%91%D7%A8%D7%AA-%D7%A1%D7%98%D7%90%D7%A8%D7%98-%D7%90%D7%A4-%D7%9E%D7%A8%D7%A9%D7%99%D7%9E%D7%94-%D7%91%D7%AA%D7%97%D7%95%D7%9D-%D7%94-fintech/,,"ת""א והמרכז","Job requirements:
- 3 years of experience in Frontend development - experience in React - experience in Server: Node\Python"
140449,Senior Full Stack Developer בחברת סטארט-אפ מצליחה!,gotFriends,This job is not contain any word from you tech stack,https://www.gotfriends.co.il/jobslobby/software/full-stack-developer/senior-full-stack-developer-%D7%91%D7%97%D7%91%D7%A8%D7%AA-%D7%A1%D7%98%D7%90%D7%A8%D7%98-%D7%90%D7%A4-%D7%9E%D7%A6%D7%9C%D7%99%D7%97%D7%94/,,"ת""א והמרכז","Job requirements:
-4 years of development experience -2 years of experience in NodeJS + /Vue /Anfuar2+ /React -experience in AWS"
140440,Full Stack Developer בחברת סטארט אפ בתחום של Fintech,gotFriends,This job is not contain any word from you tech stack,https://www.gotfriends.co.il/jobslobby/software/full-stack-developer/full-stack-developer-%D7%91%D7%97%D7%91%D7%A8%D7%AA-%D7%A1%D7%98%D7%90%D7%A8%D7%98-%D7%90%D7%A4-%D7%91%D7%AA%D7%97%D7%95%D7%9D-%D7%A9%D7%9C-fintech/,,"ת""א והמרכז","Job requirements:
• 3 years of experience in Node development • Experience in one of the languages: React/Angular2+/Vue"
,Senior Fullstack Engineer בסטארט-אפ B2C בינלאומי מדהים!,gotFriends,This job is not contain any word from you tech stack,https://www.gotfriends.co.il/jobslobby/software/full-stack-developer/senior-fullstack-engineer-%D7%91%D7%A1%D7%98%D7%90%D7%A8%D7%98-%D7%90%D7%A4-b2c-%D7%91%D7%99%D7%A0%D7%9C%D7%90%D7%95%D7%9E%D7%99-%D7%9E%D7%93%D7%94%D7%99%D7%9D/,,"ת""א והמרכז","Job requirements:
- 5 years of experience in development - experience in Node + React - experience in NoSQL / GraphQL / MongoDB - experience in Cloud\ Docker\ Kubernetes\ Microservices"
140426,Full Stack Developer בחברת Cyber Security הגנתית,gotFriends,This job is not contain any word from you tech stack,https://www.gotfriends.co.il/jobslobby/software/full-stack-developer/full-stack-developer-%D7%91%D7%97%D7%91%D7%A8%D7%AA-cyber-security-%D7%94%D7%92%D7%A0%D7%AA%D7%99%D7%AA/,,"ת""א והמרכז","Job requirements:
- 3 years of experience in Full Stack - 2 years of experience in React - experience in Go\Java\.NET. - experience in Cloud"
140428,Senior Full Stack Engineer בסטארטאפ B2C בינלאומי מדהים,gotFriends,This job is not contain any word from you tech stack,https://www.gotfriends.co.il/jobslobby/software/full-stack-developer/senior-full-stack-engineer-%D7%91%D7%A1%D7%98%D7%90%D7%A8%D7%98%D7%90%D7%A4-b2c-%D7%91%D7%99%D7%A0%D7%9C%D7%90%D7%95%D7%9E%D7%99-%D7%9E%D7%93%D7%94%D7%99%D7%9D/,,"ת""א והמרכז","Job requirements:
5 years of experience as a Full Stack. Development experience in React+ NodeJS mandatory NOSQL / Graphql / Mongo dB Experience with Cloud"
141824,Senior Fullstack Developer בחברה עצמאית ורווחית בתחום ה- High Frequency Trading!,gotFriends,This job is not contain any word from you tech stack,https://www.gotfriends.co.il/jobslobby/software/full-stack-developer/141824/,,"ת""א והמרכז","Job requirements:
- 5 years of experience in Fullstack development - experience as a Senior\ Lead - experience in NodeJS\ Python + React"
141833,Fullstack Developer בחברה מצליחה!,gotFriends,This job is not contain any word from you tech stack,https://www.gotfriends.co.il/jobslobby/software/full-stack-developer/141833/,,"ת""א והמרכז","Job requirements:
-4 years of experience in #C development in a WEB environment.-Experience in Angular-Experience in Cloud-Experience in SQL"
141825,Fullstack Developer בחברת סטארט-אפ מצליחה בתחום התיירות!,gotFriends,This job is not contain any word from you tech stack,https://www.gotfriends.co.il/jobslobby/software/full-stack-developer/141825/,,"ת""א והמרכז","Job requirements:
- 3 years of experience in React. - 3 years of experience in Node - experience in Typescript"
141799,Fullstack Engineer בחברת סטארט-אפ מדהימה העוסקת בתחום ה- Data בטכנולוגיית AI!,gotFriends,This job is not contain any word from you tech stack,https://www.gotfriends.co.il/jobslobby/software/full-stack-developer/141799/,,"ת""א והמרכז","Job requirements:
- 5 years of experience in Fullstack development - Experience in NodeJS - Experience in JavaScript - Experience in Cloud - Technology degree"
141817,Full stack engineer בסטארט-אפ B2D ישראלי חדש,gotFriends,This job is not contain any word from you tech stack,https://www.gotfriends.co.il/jobslobby/software/full-stack-developer/141817/,,"ת""א והמרכז","Job requirements:
- 5 years of experience as a Full Stack Engineer - experience in Java/C++ Nodejs Kotlin/Scala/Python/GO/Clojure - experience in React/Typescript/Angular - experience in Kubernetes/Cloud - experience from product companies"
141807,Frontend/Full Stack Developer בחברה ייחודית,gotFriends,This job is not contain any word from you tech stack,https://www.gotfriends.co.il/jobslobby/software/full-stack-developer/141807/,,"ת""א והמרכז","Job requirements:
- 3 years of experience in Full Stack/Frontend development - experience in React - experience in Python/NodeJS/Go - experience in Cloud - experience from startup/high-tech/SaaS companies"
141797,Full Stack Engineer סטארט-אפ B2D ישראלי,gotFriends,This job is not contain any word from you tech stack,https://www.gotfriends.co.il/jobslobby/software/full-stack-developer/141797/,,"ת""א והמרכז","Job requirements:
- 5 years of experience as a Full Stack Engineer - experience in Java/Scala/Python/GO/Clojure Nodejs Kotlin - experience in React/Typescript - experience in Cloud/Kubernetes - technology degree or graduate from a technology unit - experience from companies product"
141780,Senior Fullstack Developer סטארט-אפ גלובלי בצמחיה,gotFriends,This job is not contain any word from you tech stack,https://www.gotfriends.co.il/jobslobby/software/full-stack-developer/141780/,,"ת""א והמרכז","Job requirements:
- 4 years of experience in Fullstack development - experience in Node - experience in React"
141779,Full Stack Developer בחברת סטארט-אפ מצליחה,gotFriends,This job is not contain any word from you tech stack,https://www.gotfriends.co.il/jobslobby/software/full-stack-developer/141779/,,"ת""א והמרכז","Job requirements:
- 5 years of experience as a Full Stack Developer - technological degree"
141734,Senior Full Stack Developer בחברה מצליחה בתחום ה- IoT!,gotFriends,This job is not contain any word from you tech stack,https://www.gotfriends.co.il/jobslobby/software/full-stack-developer/141734/,,"ת""א והמרכז","Job requirements:
- 5 years of experience in NET development in a WEB environment - NET Core experience - Angular 6 + experience - SQL Server experience"