jobID,title,from,reason,link,company,location,date,addedAt
3477549380,Junior Software Engineer,linkedin,java is not in your stack,https://il.linkedin.com/jobs/view/junior-software-engineer-at-optimove-3477549380?refId=3X2eOlVXcYi%2Fm2ba9%2FDRLw%3D%3D&trackingId=%2Fn8oxl%2FiL7K7mqenjBVAhQ%3D%3D&position=1&pageNum=0&trk=public_jobs_jserp-result_search-card,Optimove,"Tel Aviv-Yafo, Tel Aviv District, Israel",2023-01-30,2023-02-15T23:19:17.747Z
3475250967,Back End Developer,linkedin,undefined,https://il.linkedin.com/jobs/view/back-end-developer-at-guesty-3475250967?refId=3X2eOlVXcYi%2Fm2ba9%2FDRLw%3D%3D&trackingId=rIbxTM8EDmdOZIhkUT5DvQ%3D%3D&position=2&pageNum=0&trk=public_jobs_jserp-result_search-card,Guesty,"Tel Aviv-Yafo, Tel Aviv District, Israel",2023-02-13,2023-02-15T23:19:17.747Z
3485023520,Frontend Developer,linkedin,angular is not in your stack,https://il.linkedin.com/jobs/view/frontend-developer-at-888holdings-3485023520?refId=3X2eOlVXcYi%2Fm2ba9%2FDRLw%3D%3D&trackingId=MutoJlSQwS8HVNCypmf3Uw%3D%3D&position=3&pageNum=0&trk=public_jobs_jserp-result_search-card,888holdings,"Herzliya, Tel Aviv District, Israel",undefined,2023-02-15T23:19:17.747Z
3480825302,Backend Engineer,linkedin,Your 2 years experience is lower than 5 years,https://il.linkedin.com/jobs/view/backend-engineer-at-walnut-3480825302?refId=3X2eOlVXcYi%2Fm2ba9%2FDRLw%3D%3D&trackingId=dgkD3YIqL73GFjeCdZiIQA%3D%3D&position=4&pageNum=0&trk=public_jobs_jserp-result_search-card,Walnut,"Tel Aviv-Yafo, Tel Aviv District, Israel",2023-02-14,2023-02-15T23:19:17.747Z
3450848008,Frontend Developer,linkedin,c# is not in your stack,https://il.linkedin.com/jobs/view/frontend-developer-at-ma%C3%ABlys-3450848008?refId=3X2eOlVXcYi%2Fm2ba9%2FDRLw%3D%3D&trackingId=zI%2FtlZOJKkCCGukWrDifUQ%3D%3D&position=5&pageNum=0&trk=public_jobs_jserp-result_search-card,MAËLYS,"Tel Aviv-Yafo, Tel Aviv District, Israel",2023-01-26,2023-02-15T23:19:17.747Z
3483116392,Full Stack Engineer,linkedin,angular is not in your stack,https://il.linkedin.com/jobs/view/full-stack-engineer-at-aireye-3483116392?refId=3X2eOlVXcYi%2Fm2ba9%2FDRLw%3D%3D&trackingId=rrVOaNP7U%2FKJRXXibg3%2B5A%3D%3D&position=6&pageNum=0&trk=public_jobs_jserp-result_search-card,AirEye,"Herzliya, Tel Aviv District, Israel",undefined,2023-02-15T23:19:17.747Z
3482376580,Full Stack Engineer,linkedin,Your 2 years experience is lower than 5 years,https://il.linkedin.com/jobs/view/full-stack-engineer-at-tectu-3482376580?refId=3X2eOlVXcYi%2Fm2ba9%2FDRLw%3D%3D&trackingId=1dZkrqw4gnG5iixM0LVxvA%3D%3D&position=7&pageNum=0&trk=public_jobs_jserp-result_search-card,TECTU,"Tel Aviv District, Israel",undefined,2023-02-15T23:19:17.747Z
3479479488,Full Stack Engineer,linkedin,Your 2 years experience is lower than 5 years,https://il.linkedin.com/jobs/view/full-stack-engineer-at-albo-climate-3479479488?refId=3X2eOlVXcYi%2Fm2ba9%2FDRLw%3D%3D&trackingId=ohVAzdO93kXRBm4WNsQWvw%3D%3D&position=9&pageNum=0&trk=public_jobs_jserp-result_search-card,Albo Climate,"Tel Aviv District, Israel",undefined,2023-02-15T23:19:17.747Z
3480823330,Fullstack Engineer,linkedin,Your 2 years experience is lower than 4 years,https://il.linkedin.com/jobs/view/fullstack-engineer-at-axonius-3480823330?refId=3X2eOlVXcYi%2Fm2ba9%2FDRLw%3D%3D&trackingId=iEmx5f6OskI%2FovYS2FA12A%3D%3D&position=11&pageNum=0&trk=public_jobs_jserp-result_search-card,Axonius,"Tel Aviv-Yafo, Tel Aviv District, Israel",2023-01-20,2023-02-15T23:19:17.747Z
3441783244,Full Stack Developer,linkedin,Your 2 years experience is lower than 5 years,https://il.linkedin.com/jobs/view/full-stack-developer-at-talon-cyber-security-3441783244?refId=3X2eOlVXcYi%2Fm2ba9%2FDRLw%3D%3D&trackingId=AO%2FBWntDO6DE%2F5xQQo6zLg%3D%3D&position=12&pageNum=0&trk=public_jobs_jserp-result_search-card,Talon Cyber Security,"Tel Aviv-Yafo, Tel Aviv District, Israel",undefined,2023-02-15T23:19:17.747Z
3483895236,Full Stack Developer,linkedin,Your 2 years experience is lower than 4 years,https://il.linkedin.com/jobs/view/full-stack-developer-at-moon-active-3483895236?refId=3X2eOlVXcYi%2Fm2ba9%2FDRLw%3D%3D&trackingId=pLeD8PmqNtxwxHEGEbWm4w%3D%3D&position=13&pageNum=0&trk=public_jobs_jserp-result_search-card,Moon Active,"Tel Aviv-Yafo, Tel Aviv District, Israel",undefined,2023-02-15T23:19:17.747Z
3482661995,Full Stack Engineer,linkedin,Your 2 years experience is lower than 3 years,https://il.linkedin.com/jobs/view/full-stack-engineer-at-%D7%94%D7%9E%D7%A7%D7%A6%D7%95%D7%A2%D7%A0%D7%99%D7%9D-pro-co-il-3482661995?refId=3X2eOlVXcYi%2Fm2ba9%2FDRLw%3D%3D&trackingId=CnTYInZQXq0Y%2FnteZ1mDAA%3D%3D&position=14&pageNum=0&trk=public_jobs_jserp-result_search-card,המקצוענים - pro.co.il,"Tel Aviv-Yafo, Tel Aviv District, Israel",2023-02-14,2023-02-15T23:19:17.747Z
3414244407,Full Stack Developer,linkedin,Your 2 years experience is lower than 3 years,https://il.linkedin.com/jobs/view/full-stack-developer-at-human-3414244407?refId=3X2eOlVXcYi%2Fm2ba9%2FDRLw%3D%3D&trackingId=WG9t4s4Qbcco7066icEF2w%3D%3D&position=15&pageNum=0&trk=public_jobs_jserp-result_search-card,HUMAN,"Tel Aviv-Yafo, Tel Aviv District, Israel",2023-02-06,2023-02-15T23:19:17.747Z
3378269408,Front-End Engineer,linkedin,Your 2 years experience is lower than 4 years,https://il.linkedin.com/jobs/view/front-end-engineer-at-honeybook-3378269408?refId=3X2eOlVXcYi%2Fm2ba9%2FDRLw%3D%3D&trackingId=HWXlPYG1HGsMqIZOu53nWw%3D%3D&position=16&pageNum=0&trk=public_jobs_jserp-result_search-card,HoneyBook,"Tel Aviv-Yafo, Tel Aviv District, Israel",2023-01-30,2023-02-15T23:19:17.747Z
3454692849,Full Stack Engineer,linkedin,Your 2 years experience is lower than 4 years,https://il.linkedin.com/jobs/view/full-stack-engineer-at-easy-3454692849?refId=3X2eOlVXcYi%2Fm2ba9%2FDRLw%3D%3D&trackingId=PSkKC54EAnxTjeJF5WmfZQ%3D%3D&position=17&pageNum=0&trk=public_jobs_jserp-result_search-card,easy,"Tel Aviv District, Israel",2023-01-30,2023-02-15T23:19:17.747Z
3482779069,Full Stack Developer - Node.js & React,linkedin,No elements was found,,IT/ Marketing Company,"Herzliya, Tel Aviv District, Israel",undefined,2023-02-15T23:19:17.747Z
3441065680,Front End React Developer,linkedin,undefined,https://il.linkedin.com/jobs/view/front-end-react-developer-at-dynamic-yield-3441065680?refId=3X2eOlVXcYi%2Fm2ba9%2FDRLw%3D%3D&trackingId=9wEvspI24%2FGWCzmXW4rDOQ%3D%3D&position=19&pageNum=0&trk=public_jobs_jserp-result_search-card,Dynamic Yield,"Tel Aviv-Yafo, Tel Aviv District, Israel",2023-02-06,2023-02-15T23:19:17.747Z
3480406122,Full Stack Engineer,linkedin,Your 2 years experience is lower than 5 years,https://il.linkedin.com/jobs/view/full-stack-engineer-at-log-on-software-3480406122?refId=3X2eOlVXcYi%2Fm2ba9%2FDRLw%3D%3D&trackingId=GRxVqOIgXXckChsCduVndA%3D%3D&position=20&pageNum=0&trk=public_jobs_jserp-result_search-card,Log-On Software,"Tel Aviv District, Israel",2023-02-14,2023-02-15T23:19:17.747Z
3269363607,Back-End Engineer,linkedin,Your 2 years experience is lower than 3 years,https://il.linkedin.com/jobs/view/back-end-engineer-at-jfrog-3269363607?refId=3X2eOlVXcYi%2Fm2ba9%2FDRLw%3D%3D&trackingId=SO3A7470njRGbTox6dHDCg%3D%3D&position=21&pageNum=0&trk=public_jobs_jserp-result_search-card,JFrog,"Tel Aviv-Yafo, Tel Aviv District, Israel",2023-02-12,2023-02-15T23:19:17.747Z
3378269406,Full Stack Engineer,linkedin,Your 2 years experience is lower than 5 years,https://il.linkedin.com/jobs/view/full-stack-engineer-at-honeybook-3378269406?refId=3X2eOlVXcYi%2Fm2ba9%2FDRLw%3D%3D&trackingId=t4lutFjiXKpjToPnvvIPjQ%3D%3D&position=22&pageNum=0&trk=public_jobs_jserp-result_search-card,HoneyBook,"Tel Aviv-Yafo, Tel Aviv District, Israel",2023-01-31,2023-02-15T23:19:17.747Z
3476761163,Software Engineer,linkedin,c# is not in your stack,https://il.linkedin.com/jobs/view/software-engineer-at-rodradar-3476761163?refId=3X2eOlVXcYi%2Fm2ba9%2FDRLw%3D%3D&trackingId=nDtqcgpPmp8pXJA%2FiYRoXg%3D%3D&position=23&pageNum=0&trk=public_jobs_jserp-result_search-card,RODRADAR,"Rinnatya, Center District, Israel",undefined,2023-02-15T23:19:17.747Z
3482776550,Back End Engineer,linkedin,c# is not in your stack,https://il.linkedin.com/jobs/view/back-end-engineer-at-howazit-3482776550?refId=3X2eOlVXcYi%2Fm2ba9%2FDRLw%3D%3D&trackingId=cuaHF1HJY9aJefiYqxawLQ%3D%3D&position=24&pageNum=0&trk=public_jobs_jserp-result_search-card,Howazit,"Herzliya, Tel Aviv District, Israel",undefined,2023-02-15T23:19:17.747Z
3480426959,Full Stack Engineer,linkedin,Your 2 years experience is lower than 3 years,https://il.linkedin.com/jobs/view/full-stack-engineer-at-aivf-3480426959?refId=3X2eOlVXcYi%2Fm2ba9%2FDRLw%3D%3D&trackingId=Uav%2FXzdsG9dXk5mGOm%2F3pw%3D%3D&position=25&pageNum=0&trk=public_jobs_jserp-result_search-card,AIVF,"Tel Aviv-Yafo, Tel Aviv District, Israel",2023-02-14,2023-02-15T23:19:17.747Z
3459495957,Full Stack Developer,linkedin,Your 2 years experience is lower than 5 years,https://il.linkedin.com/jobs/view/full-stack-developer-at-similarweb-3459495957?refId=N3QcA20GqVvML7WXVWEfQA%3D%3D&trackingId=Koo44sYMt2WIg6hEQNkQWg%3D%3D&position=1&pageNum=1&trk=public_jobs_jserp-result_search-card,Similarweb,"Tel Aviv-Yafo, Tel Aviv District, Israel",2023-01-29,2023-02-15T23:19:17.313Z
3481796815,Software Engineer,linkedin,Your 2 years experience is lower than 5 years,https://il.linkedin.com/jobs/view/software-engineer-at-cato-networks-3481796815?refId=N3QcA20GqVvML7WXVWEfQA%3D%3D&trackingId=LEwg9N%2FRMVJ11TCLSupItA%3D%3D&position=3&pageNum=1&trk=public_jobs_jserp-result_search-card,Cato Networks,"Tel Aviv-Yafo, Tel Aviv District, Israel",2023-02-13,2023-02-15T23:19:17.313Z
3445654907,Software Engineer- DeepUI,linkedin,undefined,https://il.linkedin.com/jobs/view/software-engineer-deepui-at-walkme%E2%84%A2-3445654907?refId=N3QcA20GqVvML7WXVWEfQA%3D%3D&trackingId=ln6uxbHz%2FnqXKF%2BrWf7dWw%3D%3D&position=4&pageNum=1&trk=public_jobs_jserp-result_search-card,WalkMe™,"Tel Aviv-Yafo, Tel Aviv District, Israel",2023-02-10,2023-02-15T23:19:17.313Z
3357656742,Software Engineer - JFrog Connect,linkedin,Your 2 years experience is lower than 5 years,https://il.linkedin.com/jobs/view/software-engineer-jfrog-connect-at-jfrog-3357656742?refId=N3QcA20GqVvML7WXVWEfQA%3D%3D&trackingId=1VSyyZVUFeHAXeBAqCmAMQ%3D%3D&position=5&pageNum=1&trk=public_jobs_jserp-result_search-card,JFrog,"Tel Aviv-Yafo, Tel Aviv District, Israel",2023-02-09,2023-02-15T23:19:17.313Z
3433770461,Full Stack Engineer,linkedin,Your 2 years experience is lower than 3 years,https://il.linkedin.com/jobs/view/full-stack-engineer-at-cato-networks-3433770461?refId=N3QcA20GqVvML7WXVWEfQA%3D%3D&trackingId=wLyPWVfXzNGcF4S7xnmpWA%3D%3D&position=6&pageNum=1&trk=public_jobs_jserp-result_search-card,Cato Networks,"Tel Aviv-Yafo, Tel Aviv District, Israel",2023-02-01,2023-02-15T23:19:17.313Z
3440800752,SEO Junior,linkedin,undefined,https://il.linkedin.com/jobs/view/seo-junior-at-kadabra-inc-israel-3440800752?refId=N3QcA20GqVvML7WXVWEfQA%3D%3D&trackingId=arH4Ev6ISxNAiVTVrJZtmw%3D%3D&position=7&pageNum=1&trk=public_jobs_jserp-result_search-card,Kadabra Inc. Israel,"Herzliya, Tel Aviv District, Israel",2023-01-19,2023-02-15T23:19:17.313Z
3480416939,Full Stack Developer,linkedin,Your 2 years experience is lower than 3 years,https://il.linkedin.com/jobs/view/full-stack-developer-at-clarifruit-3480416939?refId=N3QcA20GqVvML7WXVWEfQA%3D%3D&trackingId=eKiYNaG514EdbmAyvDEuvA%3D%3D&position=9&pageNum=1&trk=public_jobs_jserp-result_search-card,Clarifruit,"Rishon LeZion, Center District, Israel",2023-02-14,2023-02-15T23:19:17.313Z
3485208845,Front End Engineer,linkedin,Your 2 years experience is lower than 4 years,https://il.linkedin.com/jobs/view/front-end-engineer-at-hello-heart-3485208845?refId=N3QcA20GqVvML7WXVWEfQA%3D%3D&trackingId=s3QH4%2F69IPEQv%2BQxRcjgEw%3D%3D&position=11&pageNum=1&trk=public_jobs_jserp-result_search-card,Hello Heart,"Tel Aviv-Yafo, Tel Aviv District, Israel",undefined,2023-02-15T23:19:17.313Z
3482776225,Back End Engineer,linkedin,c# is not in your stack,https://il.linkedin.com/jobs/view/back-end-engineer-at-howazit-3482776225?refId=N3QcA20GqVvML7WXVWEfQA%3D%3D&trackingId=G32M9HZP35weBRrMNKEVNw%3D%3D&position=12&pageNum=1&trk=public_jobs_jserp-result_search-card,Howazit,"Herzliya, Tel Aviv District, Israel",undefined,2023-02-15T23:19:17.313Z
3387380497,Full Stack Developer- DeepUI,linkedin,Your 2 years experience is lower than 3 years,https://il.linkedin.com/jobs/view/full-stack-developer-deepui-at-walkme%E2%84%A2-3387380497?refId=N3QcA20GqVvML7WXVWEfQA%3D%3D&trackingId=QregnYVrgBoq0jeCrkOazA%3D%3D&position=13&pageNum=1&trk=public_jobs_jserp-result_search-card,WalkMe™,"Tel Aviv-Yafo, Tel Aviv District, Israel",2023-02-06,2023-02-15T23:19:17.313Z
3440577117,Software Engineer,linkedin,Your 2 years experience is lower than 4 years,https://il.linkedin.com/jobs/view/software-engineer-at-periapt-3440577117?refId=N3QcA20GqVvML7WXVWEfQA%3D%3D&trackingId=6h3BLHWCCGpdvrXfTon0Sw%3D%3D&position=14&pageNum=1&trk=public_jobs_jserp-result_search-card,Periapt,"Petah Tikva, Center District, Israel",2023-01-18,2023-02-15T23:19:17.313Z
3377152221,Full Stack Engineer,linkedin,Your 2 years experience is lower than 5 years,https://il.linkedin.com/jobs/view/full-stack-engineer-at-no-name-3377152221?refId=N3QcA20GqVvML7WXVWEfQA%3D%3D&trackingId=Pg8Fg2WJp8RcKfy74n6QCQ%3D%3D&position=16&pageNum=1&trk=public_jobs_jserp-result_search-card,no name,"Tel Aviv District, Israel",2023-02-12,2023-02-15T23:19:17.313Z
3178195801,Full-Stack Engineer - Business Applications,linkedin,Your 2 years experience is lower than 3 years,https://il.linkedin.com/jobs/view/full-stack-engineer-business-applications-at-jfrog-3178195801?refId=N3QcA20GqVvML7WXVWEfQA%3D%3D&trackingId=4Ykoi%2BwA0UM%2FTQ%2BjfxWOOw%3D%3D&position=17&pageNum=1&trk=public_jobs_jserp-result_search-card,JFrog,"Tel Aviv-Yafo, Tel Aviv District, Israel",2023-01-31,2023-02-15T23:19:17.313Z
3440881525,Fullstack Engineer - Platform,linkedin,Your 2 years experience is lower than 5 years,https://il.linkedin.com/jobs/view/fullstack-engineer-platform-at-appsflyer-3440881525?refId=N3QcA20GqVvML7WXVWEfQA%3D%3D&trackingId=XXVQhZyUJcJZtjHH5gkWaQ%3D%3D&position=18&pageNum=1&trk=public_jobs_jserp-result_search-card,AppsFlyer,"Herzliya, Tel Aviv District, Israel",2023-02-10,2023-02-15T23:19:17.313Z
3441862671,Back End Developer,linkedin,Your 2 years experience is lower than 5 years,https://il.linkedin.com/jobs/view/back-end-developer-at-ballerine-yc-s22-3441862671?refId=N3QcA20GqVvML7WXVWEfQA%3D%3D&trackingId=hE6%2Fwb22vmofoXAzpVOvyw%3D%3D&position=20&pageNum=1&trk=public_jobs_jserp-result_search-card,Ballerine (YC S22),"Tel Aviv District, Israel",2023-01-19,2023-02-15T23:19:17.313Z
3386135449,Full Stack Software Engineer,linkedin,Your 2 years experience is lower than 5 years,https://il.linkedin.com/jobs/view/full-stack-software-engineer-at-bright-machines-3386135449?refId=N3QcA20GqVvML7WXVWEfQA%3D%3D&trackingId=4FjBasqfmCEm5slEj4IvbQ%3D%3D&position=21&pageNum=1&trk=public_jobs_jserp-result_search-card,Bright Machines,"Center District, Israel",undefined,2023-02-15T23:19:17.313Z
3457749971,Full Stack Engineer,linkedin,Your 2 years experience is lower than 5 years,https://il.linkedin.com/jobs/view/full-stack-engineer-at-doorloop-3457749971?refId=N3QcA20GqVvML7WXVWEfQA%3D%3D&trackingId=9Vst3HwMgQHXt0IscdLNhw%3D%3D&position=22&pageNum=1&trk=public_jobs_jserp-result_search-card,DoorLoop,"Tel Aviv District, Israel",2023-01-31,2023-02-15T23:19:17.313Z
3440348748,Frontend Developer,linkedin,Your 2 years experience is lower than 3 years,https://il.linkedin.com/jobs/view/frontend-developer-at-prisma-photonics-3440348748?refId=N3QcA20GqVvML7WXVWEfQA%3D%3D&trackingId=pB1X2ZExbgg11x9Uf2wMqw%3D%3D&position=23&pageNum=1&trk=public_jobs_jserp-result_search-card,Prisma Photonics,"Tel Aviv District, Israel",2023-01-17,2023-02-15T23:19:17.313Z
3482799550,Full Stack Engineer,linkedin,c# is not in your stack,https://il.linkedin.com/jobs/view/full-stack-engineer-at-hila-results-inc-3482799550?refId=N3QcA20GqVvML7WXVWEfQA%3D%3D&trackingId=HNJwRo8d3DApJAhtbHMQ7Q%3D%3D&position=25&pageNum=1&trk=public_jobs_jserp-result_search-card,Hila Results inc.,"Tel Aviv District, Israel",undefined,2023-02-15T23:19:17.313Z
3479473855,Back End Developer,linkedin,Your 2 years experience is lower than 3 years,https://il.linkedin.com/jobs/view/back-end-developer-at-consumer-physics-inc-scio-3479473855?refId=mdo5jIphn%2FYDlYX8%2BYuWOg%3D%3D&trackingId=MxmZn6mI5GOPyJFRwmdojg%3D%3D&position=2&pageNum=2&trk=public_jobs_jserp-result_search-card,"Consumer Physics, Inc. (SCiO)","Hod HaSharon, Center District, Israel",2023-02-13,2023-02-15T23:19:16.950Z
3482373714,מפתח/ת אפליקציות WEB וMOBILE,linkedin,net is not in your stack,https://il.linkedin.com/jobs/view/%D7%9E%D7%A4%D7%AA%D7%97-%D7%AA-%D7%90%D7%A4%D7%9C%D7%99%D7%A7%D7%A6%D7%99%D7%95%D7%AA-web-%D7%95mobile-at-razel-group-3482373714?refId=mdo5jIphn%2FYDlYX8%2BYuWOg%3D%3D&trackingId=tN5ilOX%2FZx%2FsMfFyNKiTGw%3D%3D&position=6&pageNum=2&trk=public_jobs_jserp-result_search-card,Razel Group,"Tel Aviv-Yafo, Tel Aviv District, Israel",undefined,2023-02-15T23:19:16.950Z
3434023321,WEB DEVELOPER,linkedin,Your 2 years experience is lower than 3 years,https://il.linkedin.com/jobs/view/web-developer-at-elbit-systems-ltd-3434023321?refId=mdo5jIphn%2FYDlYX8%2BYuWOg%3D%3D&trackingId=sZjoTc37xcLJ8VyTzBbFAQ%3D%3D&position=7&pageNum=2&trk=public_jobs_jserp-result_search-card,Elbit Systems Ltd,"Holon, Tel Aviv District, Israel",2023-02-03,2023-02-15T23:19:16.950Z
3482653956,Software Engineer – SAST Group,linkedin,Your 2 years experience is lower than 5 years,https://il.linkedin.com/jobs/view/software-engineer-%E2%80%93-sast-group-at-mend-3482653956?refId=mdo5jIphn%2FYDlYX8%2BYuWOg%3D%3D&trackingId=KrUxdbcbbFPw%2B2FVkZbE%2Bg%3D%3D&position=8&pageNum=2&trk=public_jobs_jserp-result_search-card,Mend,"Givatayim, Tel Aviv District, Israel",2023-02-14,2023-02-15T23:19:16.950Z
3485026943,Full Stack .NET Developer,linkedin,angular is not in your stack,https://il.linkedin.com/jobs/view/full-stack-net-developer-at-codeoasis-ltd-3485026943?refId=mdo5jIphn%2FYDlYX8%2BYuWOg%3D%3D&trackingId=vQ6cBN1bfZgFpz8%2FdkK%2BOw%3D%3D&position=9&pageNum=2&trk=public_jobs_jserp-result_search-card,CodeOasis LTD.,"Herzliya, Tel Aviv District, Israel",undefined,2023-02-15T23:19:16.950Z
3434020657,R&D Fullstack Developer,linkedin,angular is not in your stack,https://il.linkedin.com/jobs/view/r-d-fullstack-developer-at-elbit-systems-ltd-3434020657?refId=mdo5jIphn%2FYDlYX8%2BYuWOg%3D%3D&trackingId=UGmxtyLlmz7JB0NC21%2B3Lw%3D%3D&position=11&pageNum=2&trk=public_jobs_jserp-result_search-card,Elbit Systems Ltd,"Ra'anana, Center District, Israel",2023-02-03,2023-02-15T23:19:16.950Z
3441189033,Software Engineer – SAST Group,linkedin,Your 2 years experience is lower than 5 years,https://il.linkedin.com/jobs/view/software-engineer-%E2%80%93-sast-group-at-mend-3441189033?refId=mdo5jIphn%2FYDlYX8%2BYuWOg%3D%3D&trackingId=2SE01Tenp0PuUe7rcxxx6g%3D%3D&position=12&pageNum=2&trk=public_jobs_jserp-result_search-card,Mend,"Givatayim, Tel Aviv District, Israel",2023-02-07,2023-02-15T23:19:16.950Z
3400479069,Backend Engineer - Bot Defender,linkedin,Your 2 years experience is lower than 3 years,https://il.linkedin.com/jobs/view/backend-engineer-bot-defender-at-human-3400479069?refId=mdo5jIphn%2FYDlYX8%2BYuWOg%3D%3D&trackingId=7YGWVQfJR5zdx8XfZftTkw%3D%3D&position=13&pageNum=2&trk=public_jobs_jserp-result_search-card,HUMAN,"Tel Aviv-Yafo, Tel Aviv District, Israel",2023-01-27,2023-02-15T23:19:16.950Z
3480423993,Senior Software Tech Lead,linkedin,Your 2 years experience is lower than 5 years,https://il.linkedin.com/jobs/view/senior-software-tech-lead-at-head-on-computer-systems-ltd-3480423993?refId=mdo5jIphn%2FYDlYX8%2BYuWOg%3D%3D&trackingId=IwPk2xS5bEfQMcmddUzELA%3D%3D&position=16&pageNum=2&trk=public_jobs_jserp-result_search-card,Head-On Computer Systems Ltd.,"Ramat Gan, Tel Aviv District, Israel",2023-02-14,2023-02-15T23:19:16.950Z
3414242386,Algorithms Software Engineer,linkedin,java is not in your stack,https://il.linkedin.com/jobs/view/algorithms-software-engineer-at-mend-3414242386?refId=mdo5jIphn%2FYDlYX8%2BYuWOg%3D%3D&trackingId=4xbTL8eObp6IRO5%2BJl%2BwOQ%3D%3D&position=17&pageNum=2&trk=public_jobs_jserp-result_search-card,Mend,"Givatayim, Tel Aviv District, Israel",2023-02-06,2023-02-15T23:19:16.950Z
3265150827,Library Software Engineer - Node.js,linkedin,go is not in your stack,https://il.linkedin.com/jobs/view/library-software-engineer-node-js-at-datadog-3265150827?refId=mdo5jIphn%2FYDlYX8%2BYuWOg%3D%3D&trackingId=TRVfEcSnZVoY1r53D2gBUA%3D%3D&position=20&pageNum=2&trk=public_jobs_jserp-result_search-card,Datadog,"Tel Aviv-Yafo, Tel Aviv District, Israel",2023-01-31,2023-02-15T23:19:16.950Z
3449979436,Senior Full Stack Engineer,linkedin,Your 2 years experience is lower than 5 years,https://il.linkedin.com/jobs/view/senior-full-stack-engineer-at-anyword-3449979436?refId=mdo5jIphn%2FYDlYX8%2BYuWOg%3D%3D&trackingId=nFpGFv3xsd0Q0G5WN%2F%2Bj3w%3D%3D&position=21&pageNum=2&trk=public_jobs_jserp-result_search-card,Anyword,"Tel Aviv District, Israel",2023-01-24,2023-02-15T23:19:16.950Z
3448816980,Full Stack Team Lead,linkedin,Your 2 years experience is lower than 10 years,https://il.linkedin.com/jobs/view/full-stack-team-lead-at-easy-3448816980?refId=mdo5jIphn%2FYDlYX8%2BYuWOg%3D%3D&trackingId=bxgpa6Jt7sQzCIyBQe7Kdg%3D%3D&position=22&pageNum=2&trk=public_jobs_jserp-result_search-card,easy,"Tel Aviv District, Israel",2023-01-25,2023-02-15T23:19:16.950Z
3448738356,Site Reliability Engineer (SRE),linkedin,Your 2 years experience is lower than 5 years,https://il.linkedin.com/jobs/view/site-reliability-engineer-sre-at-walnut-3448738356?refId=6q%2F6fBMPrgZPObm5zRd2lQ%3D%3D&trackingId=WTjjnB9FzjFYuffx3j%2FcKw%3D%3D&position=1&pageNum=3&trk=public_jobs_jserp-result_search-card,Walnut,"Tel Aviv-Yafo, Tel Aviv District, Israel",2023-01-23,2023-02-15T23:19:17.286Z
3265148970,Library Software Engineer - Python,linkedin,go is not in your stack,https://il.linkedin.com/jobs/view/library-software-engineer-python-at-datadog-3265148970?refId=6q%2F6fBMPrgZPObm5zRd2lQ%3D%3D&trackingId=Mh0y1EHTUunR9remI05AnQ%3D%3D&position=2&pageNum=3&trk=public_jobs_jserp-result_search-card,Datadog,"Tel Aviv-Yafo, Tel Aviv District, Israel",2023-01-31,2023-02-15T23:19:17.286Z
3265155246,Library Software Engineer - Java,linkedin,java is not in your stack,https://il.linkedin.com/jobs/view/library-software-engineer-java-at-datadog-3265155246?refId=6q%2F6fBMPrgZPObm5zRd2lQ%3D%3D&trackingId=wYqJrmWEQh1msn%2FLAQkZpw%3D%3D&position=3&pageNum=3&trk=public_jobs_jserp-result_search-card,Datadog,"Tel Aviv-Yafo, Tel Aviv District, Israel",2023-01-31,2023-02-15T23:19:17.286Z
3480421726,WEB developer (full stack) IoT applications,linkedin,Your 2 years experience is lower than 3 years,https://il.linkedin.com/jobs/view/web-developer-full-stack-iot-applications-at-confidential-3480421726?refId=6q%2F6fBMPrgZPObm5zRd2lQ%3D%3D&trackingId=jCrRYs8yCfElIyMCh%2FI13w%3D%3D&position=4&pageNum=3&trk=public_jobs_jserp-result_search-card,Confidential,"Rishon LeZion, Center District, Israel",2023-02-14,2023-02-15T23:19:17.286Z
3265150972,Library Software Engineer - Go,linkedin,go is not in your stack,https://il.linkedin.com/jobs/view/library-software-engineer-go-at-datadog-3265150972?refId=6q%2F6fBMPrgZPObm5zRd2lQ%3D%3D&trackingId=x6G834wp7np4eKaedr02Lw%3D%3D&position=5&pageNum=3&trk=public_jobs_jserp-result_search-card,Datadog,"Tel Aviv-Yafo, Tel Aviv District, Israel",2023-01-31,2023-02-15T23:19:17.286Z
3379537621,Software Security Engineer- JFrog Security,linkedin,Your 2 years experience is lower than 3 years,https://il.linkedin.com/jobs/view/software-security-engineer-jfrog-security-at-jfrog-3379537621?refId=6q%2F6fBMPrgZPObm5zRd2lQ%3D%3D&trackingId=V9hqR110TEaq%2FmikgYznLA%3D%3D&position=6&pageNum=3&trk=public_jobs_jserp-result_search-card,JFrog,"Tel Aviv-Yafo, Tel Aviv District, Israel",2023-02-04,2023-02-15T23:19:17.286Z
3480800759,Research Scientist,linkedin,undefined,https://il.linkedin.com/jobs/view/research-scientist-at-undisclosed-3480800759?refId=6q%2F6fBMPrgZPObm5zRd2lQ%3D%3D&trackingId=S0Xtbo3vewY2X2XfrR4W6w%3D%3D&position=11&pageNum=3&trk=public_jobs_jserp-result_search-card,Undisclosed,"Tel Aviv District, Israel",2023-02-14,2023-02-15T23:19:17.286Z
3346193441,Cloud Engineer,linkedin,Your 2 years experience is lower than 4 years,https://il.linkedin.com/jobs/view/cloud-engineer-at-hello-heart-3346193441?refId=6q%2F6fBMPrgZPObm5zRd2lQ%3D%3D&trackingId=JYcKoorTF41LEZAjjFlLzQ%3D%3D&position=15&pageNum=3&trk=public_jobs_jserp-result_search-card,Hello Heart,"Tel Aviv-Yafo, Tel Aviv District, Israel",2023-01-29,2023-02-15T23:19:17.286Z
3449034092,Mobile Research Developer,linkedin,undefined,https://il.linkedin.com/jobs/view/mobile-research-developer-at-forter-3449034092?refId=6q%2F6fBMPrgZPObm5zRd2lQ%3D%3D&trackingId=W8dXhfLraq9Zwe6Glugh9g%3D%3D&position=16&pageNum=3&trk=public_jobs_jserp-result_search-card,Forter,"Tel Aviv-Yafo, Tel Aviv District, Israel",2023-02-12,2023-02-15T23:19:17.286Z
3453090750,Professional Services Engineer,linkedin,Your 2 years experience is lower than 3 years,https://il.linkedin.com/jobs/view/professional-services-engineer-at-mend-3453090750?refId=6q%2F6fBMPrgZPObm5zRd2lQ%3D%3D&trackingId=xzRHBCfRILerDOKMSISIJA%3D%3D&position=17&pageNum=3&trk=public_jobs_jserp-result_search-card,Mend,"Givatayim, Tel Aviv District, Israel",undefined,2023-02-15T23:19:17.286Z
3392868517,FW/SW Engineer Junior,linkedin,Your 2 years experience is lower than 3 years,https://il.linkedin.com/jobs/view/fw-sw-engineer-junior-at-cadence-design-systems-3392868517?refId=6q%2F6fBMPrgZPObm5zRd2lQ%3D%3D&trackingId=vIltIrdAkMYDZeMulmP6QA%3D%3D&position=20&pageNum=3&trk=public_jobs_jserp-result_search-card,Cadence Design Systems,"Petah Tikva, Center District, Israel",2023-01-26,2023-02-15T23:19:17.286Z
3437662950,Big Data Developer,linkedin,Your 2 years experience is lower than 4 years,https://il.linkedin.com/jobs/view/big-data-developer-at-gotfriends-3437662950?refId=6q%2F6fBMPrgZPObm5zRd2lQ%3D%3D&trackingId=ysBWpL0sGCs3t51U5HaHMg%3D%3D&position=21&pageNum=3&trk=public_jobs_jserp-result_search-card,Gotfriends,"Tel Aviv District, Israel",2023-02-09,2023-02-15T23:19:17.286Z
3153751099,Full stack C# and Angular Software developer,linkedin,Your 2 years experience is lower than 5 years,https://il.linkedin.com/jobs/view/full-stack-c%23-and-angular-software-developer-at-munters-3153751099?refId=6q%2F6fBMPrgZPObm5zRd2lQ%3D%3D&trackingId=Ty1Tb56qtX572DkiSaweeA%3D%3D&position=22&pageNum=3&trk=public_jobs_jserp-result_search-card,Munters,"Petah Tikva, Center District, Israel",2023-02-04,2023-02-15T23:19:17.286Z
3265150962,Library Software Engineer - Ruby,linkedin,ruby is not in your stack,https://il.linkedin.com/jobs/view/library-software-engineer-ruby-at-datadog-3265150962?refId=6q%2F6fBMPrgZPObm5zRd2lQ%3D%3D&trackingId=BtwiPaBXzyttXMJudccvig%3D%3D&position=25&pageNum=3&trk=public_jobs_jserp-result_search-card,Datadog,"Tel Aviv-Yafo, Tel Aviv District, Israel",2023-01-31,2023-02-15T23:19:17.286Z
3482355568,Geographic Information System Developer,linkedin,Your 2 years experience is lower than 3 years,https://il.linkedin.com/jobs/view/geographic-information-system-developer-at-youcc-technologies-ltd-3482355568?refId=hFh6hXfEMQ1PrVpd9DTLmg%3D%3D&trackingId=NJbY6%2FPt8j%2Bv6ie%2BQuVJ6g%3D%3D&position=2&pageNum=4&trk=public_jobs_jserp-result_search-card,YouCC Technologies Ltd.,"Herzliya, Tel Aviv District, Israel",undefined,2023-02-15T23:19:17.746Z
3244183944,"2023 Applied Science Internship - Machine Learning, Deep Learning, Computer Vision, NLP",linkedin,java is not in your stack,https://il.linkedin.com/jobs/view/2023-applied-science-internship-machine-learning-deep-learning-computer-vision-nlp-at-amazon-3244183944?refId=hFh6hXfEMQ1PrVpd9DTLmg%3D%3D&trackingId=CSmVZGFrQDECTbs7hHe6iA%3D%3D&position=3&pageNum=4&trk=public_jobs_jserp-result_search-card,Amazon,"Tel Aviv-Yafo, Tel Aviv District, Israel",2023-02-01,2023-02-15T23:19:17.746Z
3482491030,"Research Scientist Intern , Generative Models (PhD) (Tel-Aviv)",linkedin,c is not in your stack,https://il.linkedin.com/jobs/view/research-scientist-intern-generative-models-phd-tel-aviv-at-meta-3482491030?refId=hFh6hXfEMQ1PrVpd9DTLmg%3D%3D&trackingId=VNtUoO4X7Rs%2BeEzWvWdaqQ%3D%3D&position=6&pageNum=4&trk=public_jobs_jserp-result_search-card,Meta,"Tel Aviv-Yafo, Tel Aviv District, Israel",2023-02-13,2023-02-15T23:19:17.746Z
3458652834,"SOC Engineer, I - 42673BR",linkedin,Your 2 years experience is lower than 3 years,https://il.linkedin.com/jobs/view/soc-engineer-i-42673br-at-synopsys-inc-3458652834?refId=hFh6hXfEMQ1PrVpd9DTLmg%3D%3D&trackingId=pKCXYIyEXkcazH4HhTjTRQ%3D%3D&position=8&pageNum=4&trk=public_jobs_jserp-result_search-card,Synopsys Inc,"Herzliya, Tel Aviv District, Israel",2023-01-29,2023-02-15T23:19:17.746Z
3452045100,"Research Scientist Intern,AI Core Machine Learning (PhD) (Tel-Aviv)",linkedin,undefined,https://il.linkedin.com/jobs/view/research-scientist-intern-ai-core-machine-learning-phd-tel-aviv-at-meta-3452045100?refId=hFh6hXfEMQ1PrVpd9DTLmg%3D%3D&trackingId=F0sOnNLGJjbQdXheRP7%2Bjg%3D%3D&position=9&pageNum=4&trk=public_jobs_jserp-result_search-card,Meta,"Tel Aviv-Yafo, Tel Aviv District, Israel",2023-01-23,2023-02-15T23:19:17.746Z
3441843122,Rigger,linkedin,undefined,https://il.linkedin.com/jobs/view/rigger-at-yakim-interactive-ltd-3441843122?refId=hFh6hXfEMQ1PrVpd9DTLmg%3D%3D&trackingId=vxmUKJ%2Bli9Yrxf7wMx4d%2Fw%3D%3D&position=13&pageNum=4&trk=public_jobs_jserp-result_search-card,Yakim Interactive LTD,"Ramat Gan, Tel Aviv District, Israel",2023-01-19,2023-02-15T23:19:17.746Z
3436948631,Experimental Physicist - Advanced Tech,linkedin,Your 2 years experience is lower than 3 years,https://il.linkedin.com/jobs/view/experimental-physicist-advanced-tech-at-nova-ltd-3436948631?refId=hFh6hXfEMQ1PrVpd9DTLmg%3D%3D&trackingId=Hi35ax5nJtW%2Fg7pqvg9j0g%3D%3D&position=15&pageNum=4&trk=public_jobs_jserp-result_search-card,Nova Ltd.,"Center District, Israel",2023-01-17,2023-02-15T23:19:17.746Z
141676,Full-Stack Developer בסטארט-אפ גלובאלי מבטיח בתחום ה- Fintech!,gotFriends,Your 2 years experience is lower than 3 years,https://www.gotfriends.co.il/jobslobby/software/full-stack-developer/141676/,,"ת""א והמרכז",undefined,2023-02-15T23:19:25.843Z
139901,Full Stack Engineer בסטארט-אפ מצליח בתחום ה- Cloud Data Security!,gotFriends,Your 2 years experience is lower than 5 years,https://www.gotfriends.co.il/jobslobby/software/full-stack-developer/139901/,,"ת""א והמרכז",undefined,2023-02-15T23:19:25.843Z
141741,Full Stack Team Leader בחברת סטארט-אפ מרשימה בתחום ה- Data!,gotFriends,Your 2 years experience is lower than 5 years,https://www.gotfriends.co.il/jobslobby/software/full-stack-developer/141741/,,"ת""א והמרכז",undefined,2023-02-15T23:19:25.843Z
141712,Senior Software Engineer בסטארט-אפ בתחום ה- Fintech,gotFriends,Your 2 years experience is lower than 4 years,https://www.gotfriends.co.il/jobslobby/software/full-stack-developer/141712/,,"ת""א והמרכז",undefined,2023-02-15T23:19:25.843Z
141543,Full Stack Developer בחברה חדשנית,gotFriends,undefined,https://www.gotfriends.co.il/jobslobby/software/full-stack-developer/141543/,,"ת""א והמרכז",undefined,2023-02-15T23:19:25.843Z
141657,Full Stack Engineer בחברת סטארט-אפ מרשימה בתחום ה- AI!,gotFriends,Your 2 years experience is lower than 3 years,https://www.gotfriends.co.il/jobslobby/software/full-stack-developer/141657/,,"ת""א והמרכז",undefined,2023-02-15T23:19:25.843Z
141650,Senior Full-Stack Developer בחברת E-Commerce מרשימה!,gotFriends,Your 2 years experience is lower than 5 years,https://www.gotfriends.co.il/jobslobby/software/full-stack-developer/141650/,,"ת""א והמרכז",undefined,2023-02-15T23:19:25.843Z
141649,"Full-Stack Engineer  בחברת B2B, B2C",gotFriends,Your 2 years experience is lower than 6 years,https://www.gotfriends.co.il/jobslobby/software/full-stack-developer/141649/,,"ת""א והמרכז",undefined,2023-02-15T23:19:25.843Z
141618,Fullstack React + NodeJS בחברת סטארט-אפ מדהימה בתחום המסעדנות וה- E-commerce!,gotFriends,Your 2 years experience is lower than 5 years,https://www.gotfriends.co.il/jobslobby/software/full-stack-developer/141618/,,"ת""א והמרכז",undefined,2023-02-15T23:19:25.843Z
141621,Full-stack Developer בחברה משגשגת,gotFriends,Your 2 years experience is lower than 5 years,https://www.gotfriends.co.il/jobslobby/software/full-stack-developer/141621/,,"ת""א והמרכז",undefined,2023-02-15T23:19:25.843Z
141607,Full-stack Software Engineer בחברת סטארט-אפ מצליחה,gotFriends,Your 2 years experience is lower than 3 years,https://www.gotfriends.co.il/jobslobby/software/full-stack-developer/141607/,,"ת""א והמרכז",undefined,2023-02-15T23:19:30.331Z
141536,Fullstack בחברת סטארט-אפ מדהימה!,gotFriends,Your 2 years experience is lower than 3 years,https://www.gotfriends.co.il/jobslobby/software/full-stack-developer/141536/,,"ת""א והמרכז",undefined,2023-02-15T23:19:30.331Z
141564,Full Stack Engineer חברת סייבר מובילה,gotFriends,Your 2 years experience is lower than 4 years,https://www.gotfriends.co.il/jobslobby/software/full-stack-developer/141564/,,"ת""א והמרכז",undefined,2023-02-15T23:19:30.331Z
141458,Senior Fullstack Developer בסטארט-אפ מדהים!,gotFriends,Your 2 years experience is lower than 5 years,https://www.gotfriends.co.il/jobslobby/software/full-stack-developer/141458/,,"ת""א והמרכז",undefined,2023-02-15T23:19:30.331Z
141444,Full Stack Team Leader בחברה מצליחה,gotFriends,Your 2 years experience is lower than 5 years,https://www.gotfriends.co.il/jobslobby/software/full-stack-developer/141444/,,"ת""א והמרכז",undefined,2023-02-15T23:19:30.331Z
141410,Full-Stack Developer בחברה מרשימה,gotFriends,Your 2 years experience is lower than 3 years,https://www.gotfriends.co.il/jobslobby/software/full-stack-developer/141410/,,"ת""א והמרכז",undefined,2023-02-15T23:19:30.331Z
141419,Senior Full-Stack Developer בחברה מדהימה,gotFriends,Your 2 years experience is lower than 5 years,https://www.gotfriends.co.il/jobslobby/software/full-stack-developer/141419/,,"ת""א והמרכז",undefined,2023-02-15T23:19:30.331Z
141375,Software Engineer- בחברת סטארט-אפ מדהימה בתחום ה- AI!,gotFriends,Your 2 years experience is lower than 3 years,https://www.gotfriends.co.il/jobslobby/software/full-stack-developer/141375/,,"ת""א והמרכז",undefined,2023-02-15T23:19:30.331Z
139470,"Fullstack Developer, בחברת סטארט-אפ ישראלית אמריקאית",gotFriends,Your 2 years experience is lower than 5 years,https://www.gotfriends.co.il/jobslobby/software/full-stack-developer/139470/,,"ת""א והמרכז",undefined,2023-02-15T23:19:29.825Z
141368,Senior Full Stack Engineer בחברה בתחום ה-Medical,gotFriends,Your 2 years experience is lower than 4 years,https://www.gotfriends.co.il/jobslobby/software/full-stack-developer/141368/,,"ת""א והמרכז",undefined,2023-02-15T23:19:29.825Z
141370,Software Full-stack Developer בחברה מדהימה,gotFriends,undefined,https://www.gotfriends.co.il/jobslobby/software/full-stack-developer/141370/,,"ת""א והמרכז",undefined,2023-02-15T23:19:29.825Z
141348,Fullstack Developer עם נטייה לצד הServer,gotFriends,Your 2 years experience is lower than 4 years,https://www.gotfriends.co.il/jobslobby/software/full-stack-developer/141348/,,"ת""א והמרכז",undefined,2023-02-15T23:19:29.825Z
141346,Fullstack Developer בחברת סטארט-אפ מרשימה בצמיחה בתחום האגריטק!,gotFriends,Your 2 years experience is lower than 4 years,https://www.gotfriends.co.il/jobslobby/software/full-stack-developer/141346/,,"ת""א והמרכז",undefined,2023-02-15T23:19:29.825Z
141318,Fullstack Developer בחברת סטארט-אפ מצליחה בתחום Quality Intelligence!,gotFriends,Your 2 years experience is lower than 5 years,https://www.gotfriends.co.il/jobslobby/software/full-stack-developer/141318/,,"ת""א והמרכז",undefined,2023-02-15T23:19:29.825Z
141261,Backend Developer/ Fullstack Developer בחברה טכנולוגית ותיקה יציבה ומבוססת!,gotFriends,Your 2 years experience is lower than 6 years,https://www.gotfriends.co.il/jobslobby/software/full-stack-developer/141261/,,"ת""א והמרכז",undefined,2023-02-15T23:19:29.825Z
141279,Fullstack Developer בחברת סטארט-אפ מצליחה בתחום ה- Fintech!,gotFriends,Your 2 years experience is lower than 3 years,https://www.gotfriends.co.il/jobslobby/software/full-stack-developer/141279/,,"ת""א והמרכז",undefined,2023-02-15T23:19:29.825Z
141268,Full-stack Developer בחברה מרשימה,gotFriends,Your 2 years experience is lower than 3 years,https://www.gotfriends.co.il/jobslobby/software/full-stack-developer/141268/,,"ת""א והמרכז",undefined,2023-02-15T23:19:29.825Z
141208,Fullstack/ Backend Developer בחברת סטארט-אפ מרשימה העוסקת בתחום ה- Cyber!,gotFriends,Your 2 years experience is lower than 4 years,https://www.gotfriends.co.il/jobslobby/software/full-stack-developer/141208/,,"ת""א והמרכז",undefined,2023-02-15T23:19:29.825Z
141186,Senior Fullstack Engineer בחברת סטארט-אפ מגניבה ורווחית בתחום ה- עיצוב פנים ו- AI!,gotFriends,Your 2 years experience is lower than 5 years,https://www.gotfriends.co.il/jobslobby/software/full-stack-developer/141186/,,"ת""א והמרכז",undefined,2023-02-15T23:19:24.910Z
141187,Full-stack Engineer בחברת סטארט-אפ מצליחה,gotFriends,Your 2 years experience is lower than 4 years,https://www.gotfriends.co.il/jobslobby/software/full-stack-developer/141187/,,"ת""א והמרכז",undefined,2023-02-15T23:19:24.910Z
141098,Full-stack Developer בחברה מרשימה,gotFriends,Your 2 years experience is lower than 4 years,https://www.gotfriends.co.il/jobslobby/software/full-stack-developer/141098/,,"ת""א והמרכז",undefined,2023-02-15T23:19:24.910Z
141067,Fullstack Developer בחברת סטארט-אפ מגניבה בתחום ה- E- commerce!,gotFriends,Your 2 years experience is lower than 5 years,https://www.gotfriends.co.il/jobslobby/software/full-stack-developer/141067/,,"ת""א והמרכז",undefined,2023-02-15T23:19:24.910Z
141054,Senior Full Stack Developer בחברת סטארט-אפ בתחום ה-Real Estate Management,gotFriends,Your 2 years experience is lower than 5 years,https://www.gotfriends.co.il/jobslobby/software/full-stack-developer/141054/,,"ת""א והמרכז",undefined,2023-02-15T23:19:24.910Z
141053,Full-Stack Team Leader בסטארט-אפ ייחודי,gotFriends,undefined,https://www.gotfriends.co.il/jobslobby/software/full-stack-developer/141053/,,"ת""א והמרכז",undefined,2023-02-15T23:19:24.910Z
141019,Full Stack Engineer בחברה מדהימה בתחום הרפואי!,gotFriends,Your 2 years experience is lower than 5 years,https://www.gotfriends.co.il/jobslobby/software/full-stack-developer/141019/,,"ת""א והמרכז",undefined,2023-02-15T23:19:24.910Z
141035,Fullstack Developer בחברת סטארט-אפ מצליחה!,gotFriends,Your 2 years experience is lower than 5 years,https://www.gotfriends.co.il/jobslobby/software/full-stack-developer/141035/,,"ת""א והמרכז",undefined,2023-02-15T23:19:24.910Z
141033,Full-Stack Developer בחברה מדהימה בתחום ה- Ad-Tech!,gotFriends,Your 2 years experience is lower than 3 years,https://www.gotfriends.co.il/jobslobby/software/full-stack-developer/141033/,,"ת""א והמרכז",undefined,2023-02-15T23:19:24.910Z
140983,Fullstack Developer בחברת סטארט-אפ מצליחה בתחום Creative Technology!,gotFriends,Your 2 years experience is lower than 5 years,https://www.gotfriends.co.il/jobslobby/software/full-stack-developer/140983/,,"ת""א והמרכז",undefined,2023-02-15T23:19:24.910Z
140980,Senior Full Stack Engineer בחברת סטארט-אפ מרשימה וחדשנית בתחום הרפואי!,gotFriends,Your 2 years experience is lower than 4 years,https://www.gotfriends.co.il/jobslobby/software/full-stack-developer/140980/,,"ת""א והמרכז",undefined,2023-02-15T23:19:24.908Z
140964,Full-Stack Developer קוד בחברת הייטק בינלאומית מדהימה!,gotFriends,Your 2 years experience is lower than 4 years,https://www.gotfriends.co.il/jobslobby/software/full-stack-developer/140964/,,"ת""א והמרכז",undefined,2023-02-15T23:19:24.908Z
140984,Full Stack Developer בחברת סטארט-אפ ייחודית,gotFriends,Your 2 years experience is lower than 3 years,https://www.gotfriends.co.il/jobslobby/software/full-stack-developer/140984/,,"ת""א והמרכז",undefined,2023-02-15T23:19:24.908Z
140966,Senior Full stack Developer בחברת סטארט-אפ מרשימה!,gotFriends,Your 2 years experience is lower than 4 years,https://www.gotfriends.co.il/jobslobby/software/full-stack-developer/140966/,,"ת""א והמרכז",undefined,2023-02-15T23:19:24.908Z
140960,FullStack Engineer בחברת סטארט-אפ מצליחה!,gotFriends,Your 2 years experience is lower than 4 years,https://www.gotfriends.co.il/jobslobby/software/full-stack-developer/140960/,,"ת""א והמרכז",undefined,2023-02-15T23:19:24.908Z
140963,Senior Full Stack Developer בחברת סטארט-אפ מצליחה עם מוצר שתורם לאנושות ומציל חיי אדם!,gotFriends,Your 2 years experience is lower than 4 years,https://www.gotfriends.co.il/jobslobby/software/full-stack-developer/140963/,,"ת""א והמרכז",undefined,2023-02-15T23:19:24.908Z
140935,Full Stack Developer  בחברת Startup ב-Stealth Mode,gotFriends,Your 2 years experience is lower than 7 years,https://www.gotfriends.co.il/jobslobby/software/full-stack-developer/140935/,,"ת""א והמרכז",undefined,2023-02-15T23:19:24.908Z
140931,Senior Full Stack Engineer בחברת Startup ייחודית,gotFriends,Your 2 years experience is lower than 5 years,https://www.gotfriends.co.il/jobslobby/software/full-stack-developer/140931/,,"ת""א והמרכז",undefined,2023-02-15T23:19:24.908Z
140921,Senior Full Stack Engineerבחברת Startup בתחום Rental Property Management,gotFriends,Your 2 years experience is lower than 5 years,https://www.gotfriends.co.il/jobslobby/software/full-stack-developer/senior-full-stack-engineer%D7%91%D7%97%D7%91%D7%A8%D7%AA-startup-%D7%91%D7%AA%D7%97%D7%95%D7%9D-rental-property-management/,,"ת""א והמרכז",undefined,2023-02-15T23:19:24.908Z
140896,Senior Full-Stack Developer בחברת סטארט-אפ מצליחה בתחום Creative Technology!,gotFriends,Your 2 years experience is lower than 5 years,https://www.gotfriends.co.il/jobslobby/software/full-stack-developer/senior-full-stack-developer-%D7%91%D7%97%D7%91%D7%A8%D7%AA-%D7%A1%D7%98%D7%90%D7%A8%D7%98-%D7%90%D7%A4-%D7%9E%D7%A6%D7%9C%D7%99%D7%97%D7%94-%D7%91%D7%AA%D7%97%D7%95%D7%9D-creative-technology/,,"ת""א והמרכז",undefined,2023-02-15T23:19:24.908Z
140869,Senior Software Engineer בחברת סטארט-אפ רפואי בתחום ה- Health Care!,gotFriends,Your 2 years experience is lower than 4 years,https://www.gotfriends.co.il/jobslobby/software/full-stack-developer/senior-software-engineer-%D7%91%D7%97%D7%91%D7%A8%D7%AA-%D7%A1%D7%98%D7%90%D7%A8%D7%98-%D7%90%D7%A4-%D7%A8%D7%A4%D7%95%D7%90%D7%99-%D7%91%D7%AA%D7%97%D7%95%D7%9D-%D7%94-health-care/,,"ת""א והמרכז",undefined,2023-02-15T23:19:24.909Z
140868,Fullstack Developer בסטארט אפ בתחום ה- Impact & AgroTech,gotFriends,Your 2 years experience is lower than 5 years,https://www.gotfriends.co.il/jobslobby/software/full-stack-developer/fullstack-developer-%D7%91%D7%A1%D7%98%D7%90%D7%A8%D7%98-%D7%90%D7%A4-%D7%91%D7%AA%D7%97%D7%95%D7%9D-%D7%94-impact-agrotech/,,"ת""א והמרכז",undefined,2023-02-15T23:19:24.909Z
140807,Full Stack Developer בחברה מרשימה העוסקת בתחום הרפואי!,gotFriends,angular is not in your stack,https://www.gotfriends.co.il/jobslobby/software/full-stack-developer/full-stack-developer-1/,,"ת""א והמרכז",undefined,2023-02-15T23:19:24.909Z
140778,Full Stack Engineer בחברת הייטק מובילה!,gotFriends,Your 2 years experience is lower than 3 years,https://www.gotfriends.co.il/jobslobby/software/full-stack-developer/full-stack-engineer-2/,,"ת""א והמרכז",undefined,2023-02-15T23:19:24.909Z
140707,Fullstack Developer בחברה מרשימה!,gotFriends,php is not in your stack,https://www.gotfriends.co.il/jobslobby/software/full-stack-developer/fullstack-developer-1/,,"ת""א והמרכז",undefined,2023-02-15T23:19:24.909Z
140718,Senior Fullstack Engineer בחברת Insure Tech מדהימה!,gotFriends,Your 2 years experience is lower than 3 years,https://www.gotfriends.co.il/jobslobby/software/full-stack-developer/senior-fullstack-engineer-%D7%91%D7%97%D7%91%D7%A8%D7%AA-insure-tech-%D7%9E%D7%93%D7%94%D7%99%D7%9E%D7%94/,,"ת""א והמרכז",undefined,2023-02-15T23:19:24.909Z
140639,Full Stack React + NodeJS בחברת סטארט-אפ מצליחה ופורצת דרך בתחום התיירות והמלונאות!,gotFriends,Your 2 years experience is lower than 5 years,https://www.gotfriends.co.il/jobslobby/software/full-stack-developer/full-stack-react-plus-nodejs-%D7%91%D7%97%D7%91%D7%A8%D7%AA-%D7%A1%D7%98%D7%90%D7%A8%D7%98-%D7%90%D7%A4-%D7%9E%D7%A6%D7%9C%D7%99%D7%97%D7%94-%D7%95%D7%A4%D7%95%D7%A8%D7%A6%D7%AA-%D7%93%D7%A8%D7%9A-%D7%91%D7%AA%D7%97%D7%95%D7%9D-%D7%94%D7%AA%D7%99%D7%99%D7%A8%D7%95%D7%AA-%D7%95%D7%94%D7%9E%D7%9C%D7%95%D7%A0%D7%90%D7%95%D7%AA/,,"ת""א והמרכז",undefined,2023-02-15T23:19:26.268Z
140646,Full Stack Engineer בחברת סטארט-אפ מדהימה!,gotFriends,Your 2 years experience is lower than 3 years,https://www.gotfriends.co.il/jobslobby/software/full-stack-developer/full-stack-engineer-%D7%91%D7%97%D7%91%D7%A8%D7%AA-%D7%A1%D7%98%D7%90%D7%A8%D7%98-%D7%90%D7%A4-%D7%9E%D7%93%D7%94%D7%99%D7%9E%D7%94-1/,,"ת""א והמרכז",undefined,2023-02-15T23:19:26.268Z
140659,Full Stack Developer בחברת הייטק חדשנית,gotFriends,Your 2 years experience is lower than 6 years,https://www.gotfriends.co.il/jobslobby/software/full-stack-developer/full-stack-developer-%D7%91%D7%97%D7%91%D7%A8%D7%AA-%D7%94%D7%99%D7%99%D7%98%D7%A7-%D7%97%D7%93%D7%A9%D7%A0%D7%99%D7%AA/,,"ת""א והמרכז",undefined,2023-02-15T23:19:26.268Z
140649,Senior Full Stack developer בחברת סטארט-אפ,gotFriends,Your 2 years experience is lower than 3 years,https://www.gotfriends.co.il/jobslobby/software/full-stack-developer/senior-full-stack-developer-%D7%91%D7%97%D7%91%D7%A8%D7%AA-%D7%A1%D7%98%D7%90%D7%A8%D7%98-%D7%90%D7%A4/,,"ת""א והמרכז",undefined,2023-02-15T23:19:26.268Z
140601,Data Engineer בחברת סטארט אפ שעוסקת בתחום של AI,gotFriends,Your 2 years experience is lower than 3 years,https://www.gotfriends.co.il/jobslobby/software/full-stack-developer/data-engineer-%D7%91%D7%97%D7%91%D7%A8%D7%AA-%D7%A1%D7%98%D7%90%D7%A8%D7%98-%D7%90%D7%A4-%D7%A9%D7%A2%D7%95%D7%A1%D7%A7%D7%AA-%D7%91%D7%AA%D7%97%D7%95%D7%9D-%D7%A9%D7%9C-ai/,,"ת""א והמרכז",undefined,2023-02-15T23:19:26.268Z
140573,Senior Full Stack Developer בחברת סטארט-אפ מדהימה בתחום השיווק והפרסום הדיגיטלי!,gotFriends,Your 2 years experience is lower than 5 years,https://www.gotfriends.co.il/jobslobby/software/full-stack-developer/senior-fullstack-developer-%D7%91%D7%97%D7%91%D7%A8%D7%AA-%D7%A1%D7%98%D7%90%D7%A8%D7%98-%D7%90%D7%A4-%D7%9E%D7%93%D7%94%D7%99%D7%9E%D7%94-%D7%91%D7%AA%D7%97%D7%95%D7%9D-%D7%94%D7%A9%D7%99%D7%95%D7%95%D7%A7-%D7%95%D7%94%D7%A4%D7%A8%D7%A1%D7%95%D7%9D-%D7%94%D7%93%D7%99%D7%92%D7%99%D7%98%D7%9C%D7%99/,,"ת""א והמרכז",undefined,2023-02-15T23:19:26.268Z
140543,Fullstack Developer בחברת סטארט-אפ מובילה בתחומה בעולמות ה- Security וה- AI!,gotFriends,Your 2 years experience is lower than 3 years,https://www.gotfriends.co.il/jobslobby/software/full-stack-developer/fullstack-developer-%D7%91%D7%97%D7%91%D7%A8%D7%AA-%D7%A1%D7%98%D7%90%D7%A8%D7%98-%D7%90%D7%A4-%D7%9E%D7%95%D7%91%D7%99%D7%9C%D7%94-%D7%91%D7%AA%D7%97%D7%95%D7%9E%D7%94-%D7%91%D7%A2%D7%95%D7%9C%D7%9E%D7%95%D7%AA-%D7%94-security-%D7%95%D7%94-ai/,,"ת""א והמרכז",undefined,2023-02-15T23:19:26.268Z
140520,Full Stack Developer בחברה מדהימה!,gotFriends,Your 2 years experience is lower than 3 years,https://www.gotfriends.co.il/jobslobby/software/full-stack-developer/full-stack-developer-%D7%91%D7%97%D7%91%D7%A8%D7%94-%D7%9E%D7%93%D7%94%D7%99%D7%9E%D7%94/,,"ת""א והמרכז",undefined,2023-02-15T23:19:26.268Z
140503,Software Engineer Full-Stack בחברת סטארט-אפ בתחום ה-Devtools,gotFriends,Your 2 years experience is lower than 3 years,https://www.gotfriends.co.il/jobslobby/software/full-stack-developer/software-engineer-full-stack-%D7%91%D7%97%D7%91%D7%A8%D7%AA-%D7%A1%D7%98%D7%90%D7%A8%D7%98-%D7%90%D7%A4-%D7%91%D7%AA%D7%97%D7%95%D7%9D-%D7%94-devtools/,,"ת""א והמרכז",undefined,2023-02-15T23:19:29.718Z
140499,Senior Full Stack Engineer בחברת Startup בתחום Rental Property Management,gotFriends,Your 2 years experience is lower than 5 years,https://www.gotfriends.co.il/jobslobby/software/full-stack-developer/senior-full-stack-engineer-%D7%91%D7%97%D7%91%D7%A8%D7%AA-startup-%D7%91%D7%AA%D7%97%D7%95%D7%9D-rental-property-management/,,"ת""א והמרכז",undefined,2023-02-15T23:19:29.718Z
140474,Fullstack Developer בחברה אמריקאית- ישראלית רווחית ומצליחה!,gotFriends,Your 2 years experience is lower than 3 years,https://www.gotfriends.co.il/jobslobby/software/full-stack-developer/fullstack-developer-%D7%91%D7%97%D7%91%D7%A8%D7%94-%D7%90%D7%9E%D7%A8%D7%99%D7%A7%D7%90%D7%99%D7%AA-%D7%99%D7%A9%D7%A8%D7%90%D7%9C%D7%99%D7%AA-%D7%A8%D7%95%D7%95%D7%97%D7%99%D7%AA-%D7%95%D7%9E%D7%A6%D7%9C%D7%99%D7%97%D7%94/,,"ת""א והמרכז",undefined,2023-02-15T23:19:29.718Z
140452,Senior Full Stack Engineer בחברה מדהימה!,gotFriends,Your 2 years experience is lower than 4 years,https://www.gotfriends.co.il/jobslobby/software/full-stack-developer/senior-full-stack-engineer-%D7%91%D7%97%D7%91%D7%A8%D7%94-%D7%9E%D7%93%D7%94%D7%99%D7%9E%D7%94/,,"ת""א והמרכז",undefined,2023-02-15T23:19:29.718Z
140439,Full Stack Developer בחברת סטארט-אפ מרשימה בתחום ה- Fintech!,gotFriends,Your 2 years experience is lower than 3 years,https://www.gotfriends.co.il/jobslobby/software/full-stack-developer/full-stack-developer-%D7%91%D7%97%D7%91%D7%A8%D7%AA-%D7%A1%D7%98%D7%90%D7%A8%D7%98-%D7%90%D7%A4-%D7%9E%D7%A8%D7%A9%D7%99%D7%9E%D7%94-%D7%91%D7%AA%D7%97%D7%95%D7%9D-%D7%94-fintech/,,"ת""א והמרכז",undefined,2023-02-15T23:19:29.718Z
140449,Senior Full Stack Developer בחברת סטארט-אפ מצליחה!,gotFriends,Your 2 years experience is lower than 4 years,https://www.gotfriends.co.il/jobslobby/software/full-stack-developer/senior-full-stack-developer-%D7%91%D7%97%D7%91%D7%A8%D7%AA-%D7%A1%D7%98%D7%90%D7%A8%D7%98-%D7%90%D7%A4-%D7%9E%D7%A6%D7%9C%D7%99%D7%97%D7%94/,,"ת""א והמרכז",undefined,2023-02-15T23:19:29.718Z
140440,Full Stack Developer בחברת סטארט אפ בתחום של Fintech,gotFriends,Your 2 years experience is lower than 3 years,https://www.gotfriends.co.il/jobslobby/software/full-stack-developer/full-stack-developer-%D7%91%D7%97%D7%91%D7%A8%D7%AA-%D7%A1%D7%98%D7%90%D7%A8%D7%98-%D7%90%D7%A4-%D7%91%D7%AA%D7%97%D7%95%D7%9D-%D7%A9%D7%9C-fintech/,,"ת""א והמרכז",undefined,2023-02-15T23:19:29.718Z
,Senior Fullstack Engineer בסטארט-אפ B2C בינלאומי מדהים!,gotFriends,Your 2 years experience is lower than 5 years,https://www.gotfriends.co.il/jobslobby/software/full-stack-developer/senior-fullstack-engineer-%D7%91%D7%A1%D7%98%D7%90%D7%A8%D7%98-%D7%90%D7%A4-b2c-%D7%91%D7%99%D7%A0%D7%9C%D7%90%D7%95%D7%9E%D7%99-%D7%9E%D7%93%D7%94%D7%99%D7%9D/,,"ת""א והמרכז",undefined,2023-02-15T23:19:29.718Z
140426,Full Stack Developer בחברת Cyber Security הגנתית,gotFriends,Your 2 years experience is lower than 3 years,https://www.gotfriends.co.il/jobslobby/software/full-stack-developer/full-stack-developer-%D7%91%D7%97%D7%91%D7%A8%D7%AA-cyber-security-%D7%94%D7%92%D7%A0%D7%AA%D7%99%D7%AA/,,"ת""א והמרכז",undefined,2023-02-15T23:19:29.718Z
140428,Senior Full Stack Engineer בסטארטאפ B2C בינלאומי מדהים,gotFriends,Your 2 years experience is lower than 5 years,https://www.gotfriends.co.il/jobslobby/software/full-stack-developer/senior-full-stack-engineer-%D7%91%D7%A1%D7%98%D7%90%D7%A8%D7%98%D7%90%D7%A4-b2c-%D7%91%D7%99%D7%A0%D7%9C%D7%90%D7%95%D7%9E%D7%99-%D7%9E%D7%93%D7%94%D7%99%D7%9D/,,"ת""א והמרכז",undefined,2023-02-15T23:19:29.718Z
6722458,Full Stack Tech Lead,allJobs,Your 2 years experience is lower than 5 years,https://www.alljobs.co.il/Search/UploadSingle.aspx?JobID=6722458,Medulla HR,תל אביב יפו,undefined,Thu Feb 16 2023 01:19:10 GMT+0200 (Eastern European Standard Time)
7118299,Full-Stack Team Lead,allJobs,Your 2 years experience is lower than 5 years,https://www.alljobs.co.il/Search/UploadSingle.aspx?JobID=7118299,Medulla HR,תל אביב יפו,undefined,Thu Feb 16 2023 01:19:10 GMT+0200 (Eastern European Standard Time)
7124280,Full Stack Developer,allJobs,c# is not in your stack,https://www.alljobs.co.il/Search/UploadSingle.aspx?JobID=7124280,"ג'י. אר. טי - פתרונות בע""מ",תל אביב יפו,undefined,Thu Feb 16 2023 01:19:10 GMT+0200 (Eastern European Standard Time)
7180703,Full Stack  Developer :.net,allJobs,Your 2 years experience is lower than 3 years,https://www.alljobs.co.il/Search/UploadSingle.aspx?JobID=7180703,לוגיקה IT,תל אביב יפו,undefined,Thu Feb 16 2023 01:19:10 GMT+0200 (Eastern European Standard Time)
7052656,Full Stack Developer,allJobs,java is not in your stack,https://www.alljobs.co.il/Search/UploadSingle.aspx?JobID=7052656,Medulla HR,תל אביב יפו,undefined,Thu Feb 16 2023 01:19:10 GMT+0200 (Eastern European Standard Time)
7172391,Full Stack  Developer,allJobs,Your 2 years experience is lower than 3 years,https://www.alljobs.co.il/Search/UploadSingle.aspx?JobID=7172391,Top-IT Solutions Ltd,תל אביב יפו,undefined,Thu Feb 16 2023 01:19:10 GMT+0200 (Eastern European Standard Time)
7179562,Full Stack -  PHP,allJobs,Your 2 years experience is lower than 4 years,https://www.alljobs.co.il/Search/UploadSingle.aspx?JobID=7179562,"ריקרוטיקס בע""מ",,undefined,Thu Feb 16 2023 01:19:10 GMT+0200 (Eastern European Standard Time)
7179489,Full Stack Developer,allJobs,c is not in your stack,https://www.alljobs.co.il/Search/UploadSingle.aspx?JobID=7179489,"טריפיק דיגיטל שיווק  בע""מ",,undefined,Thu Feb 16 2023 01:19:10 GMT+0200 (Eastern European Standard Time)
7156657,Full Stack Angular /Node.js /TypeScript,allJobs,Your 2 years experience is lower than 3 years,https://www.alljobs.co.il/Search/UploadSingle.aspx?JobID=7156657,לוגיקה IT,,undefined,Thu Feb 16 2023 01:19:10 GMT+0200 (Eastern European Standard Time)
6738272,ראש /ת צוות פיתוח  Full Stack,allJobs,c is not in your stack,https://www.alljobs.co.il/Search/UploadSingle.aspx?JobID=6738272,בינת מערכות תוכנה,"תל אביב יפו 
                                              ,ראשון לציון,רמת גן,פתח תקווה,רעננה",undefined,Thu Feb 16 2023 01:19:10 GMT+0200 (Eastern European Standard Time)
7181291,מפתח /ת  Full Stack לארגון גדול בעולמות הביטוח!!,allJobs,Your 2 years experience is lower than 5 years,https://www.alljobs.co.il/Search/UploadSingle.aspx?JobID=7181291,הורייזן טכנולוגיות,"תל אביב יפו 
                                              ,גבעתיים 
                                              (זמן ממוצע : 9 דקות),ראשון לציון,פתח תקווה,רעננה",undefined,Thu Feb 16 2023 01:19:10 GMT+0200 (Eastern European Standard Time)
7179875,מפתח /ת  Full Stack לארגון פיננסי מוביל,allJobs,Your 2 years experience is lower than 4 years,https://www.alljobs.co.il/Search/UploadSingle.aspx?JobID=7179875,SQLink,"תל אביב יפו 
                                              ,בית שמש,ירושלים,מודיעין מכבים רעות,קרית שדה התעופה",undefined,Thu Feb 16 2023 01:19:10 GMT+0200 (Eastern European Standard Time)
7174129,Full Stack  Developer -  React &  Node.js,allJobs,Your 2 years experience is lower than 3 years,https://www.alljobs.co.il/Search/UploadSingle.aspx?JobID=7174129,"ריקרוטיקס בע""מ",,undefined,Thu Feb 16 2023 01:19:10 GMT+0200 (Eastern European Standard Time)
7172374,מפתח /ת  Full Stack לסביבת ענן,allJobs,Your 2 years experience is lower than 4 years,https://www.alljobs.co.il/Search/UploadSingle.aspx?JobID=7172374,"עוז תוכנה בע""מ",תל אביב יפו,undefined,Thu Feb 16 2023 01:19:10 GMT+0200 (Eastern European Standard Time)
6888363,One Taldor מגייסת מפתח /ת FULL STACK לחברה יציבה במרכז,allJobs,c# is not in your stack,https://www.alljobs.co.il/Search/UploadSingle.aspx?JobID=6888363,טלדור Taldor מערכות מחשבים,תל אביב יפו,undefined,Thu Feb 16 2023 01:19:10 GMT+0200 (Eastern European Standard Time)
7151407,Full stack engineer,allJobs,net is not in your stack,https://www.alljobs.co.il/Search/UploadSingle.aspx?JobID=7151407,,תל אביב יפו,undefined,Thu Feb 16 2023 01:19:10 GMT+0200 (Eastern European Standard Time)
7170522,Full Stack Engineer,allJobs,Your 2 years experience is lower than 5 years,https://www.alljobs.co.il/Search/UploadSingle.aspx?JobID=7170522,,,undefined,Thu Feb 16 2023 01:19:10 GMT+0200 (Eastern European Standard Time)
7155754,Full Stack Developer,allJobs,Your 2 years experience is lower than 3 years,https://www.alljobs.co.il/Search/UploadSingle.aspx?JobID=7155754,,,undefined,Thu Feb 16 2023 01:19:10 GMT+0200 (Eastern European Standard Time)
7111922,Full Stack Developer,allJobs,Your 2 years experience is lower than 3 years,https://www.alljobs.co.il/Search/UploadSingle.aspx?JobID=7111922,,,undefined,Thu Feb 16 2023 01:19:10 GMT+0200 (Eastern European Standard Time)
7155786,Development Team Leader,allJobs,Your 2 years experience is lower than 5 years,https://www.alljobs.co.il/Search/UploadSingle.aspx?JobID=7155786,,,undefined,Thu Feb 16 2023 01:19:10 GMT+0200 (Eastern European Standard Time)
7156738,Motion Graphic Designer,allJobs,This job is not contain any word from you tech stack,https://www.alljobs.co.il/Search/UploadSingle.aspx?JobID=7156738,,,undefined,Thu Feb 16 2023 01:19:10 GMT+0200 (Eastern European Standard Time)
7178542,Infrastructure  SW engineer,allJobs,Your 2 years experience is lower than 4 years,https://www.alljobs.co.il/Search/UploadSingle.aspx?JobID=7178542,,,undefined,Thu Feb 16 2023 01:19:10 GMT+0200 (Eastern European Standard Time)
7163679,senior researcher,allJobs,Your 2 years experience is lower than 5 years,https://www.alljobs.co.il/Search/UploadSingle.aspx?JobID=7163679,,,undefined,Thu Feb 16 2023 01:19:10 GMT+0200 (Eastern European Standard Time)
6722458,Full Stack Tech Lead,allJobs,Your 2 years experience is lower than 5 years,https://www.alljobs.co.il/Search/UploadSingle.aspx?JobID=6722458,Medulla HR,תל אביב יפו,undefined,Thu Feb 16 2023 01:19:10 GMT+0200 (Eastern European Standard Time)
7118299,Full-Stack Team Lead,allJobs,Your 2 years experience is lower than 5 years,https://www.alljobs.co.il/Search/UploadSingle.aspx?JobID=7118299,Medulla HR,תל אביב יפו,undefined,Thu Feb 16 2023 01:19:10 GMT+0200 (Eastern European Standard Time)
7124280,Full Stack Developer,allJobs,c# is not in your stack,https://www.alljobs.co.il/Search/UploadSingle.aspx?JobID=7124280,"ג'י. אר. טי - פתרונות בע""מ",תל אביב יפו,undefined,Thu Feb 16 2023 01:19:10 GMT+0200 (Eastern European Standard Time)
7180703,Full Stack  Developer :.net,allJobs,Your 2 years experience is lower than 3 years,https://www.alljobs.co.il/Search/UploadSingle.aspx?JobID=7180703,לוגיקה IT,תל אביב יפו,undefined,Thu Feb 16 2023 01:19:10 GMT+0200 (Eastern European Standard Time)
7052656,Full Stack Developer,allJobs,java is not in your stack,https://www.alljobs.co.il/Search/UploadSingle.aspx?JobID=7052656,Medulla HR,תל אביב יפו,undefined,Thu Feb 16 2023 01:19:10 GMT+0200 (Eastern European Standard Time)
7172391,Full Stack  Developer,allJobs,Your 2 years experience is lower than 3 years,https://www.alljobs.co.il/Search/UploadSingle.aspx?JobID=7172391,Top-IT Solutions Ltd,תל אביב יפו,undefined,Thu Feb 16 2023 01:19:10 GMT+0200 (Eastern European Standard Time)
7179562,Full Stack -  PHP,allJobs,Your 2 years experience is lower than 4 years,https://www.alljobs.co.il/Search/UploadSingle.aspx?JobID=7179562,"ריקרוטיקס בע""מ",,undefined,Thu Feb 16 2023 01:19:10 GMT+0200 (Eastern European Standard Time)
7179489,Full Stack Developer,allJobs,c is not in your stack,https://www.alljobs.co.il/Search/UploadSingle.aspx?JobID=7179489,"טריפיק דיגיטל שיווק  בע""מ",,undefined,Thu Feb 16 2023 01:19:10 GMT+0200 (Eastern European Standard Time)
7156657,Full Stack Angular /Node.js /TypeScript,allJobs,Your 2 years experience is lower than 3 years,https://www.alljobs.co.il/Search/UploadSingle.aspx?JobID=7156657,לוגיקה IT,,undefined,Thu Feb 16 2023 01:19:10 GMT+0200 (Eastern European Standard Time)
6738272,ראש /ת צוות פיתוח  Full Stack,allJobs,c is not in your stack,https://www.alljobs.co.il/Search/UploadSingle.aspx?JobID=6738272,בינת מערכות תוכנה,"תל אביב יפו 
                                              ,ראשון לציון,רמת גן,פתח תקווה,רעננה",undefined,Thu Feb 16 2023 01:19:10 GMT+0200 (Eastern European Standard Time)
7179875,מפתח /ת  Full Stack לארגון פיננסי מוביל,allJobs,Your 2 years experience is lower than 4 years,https://www.alljobs.co.il/Search/UploadSingle.aspx?JobID=7179875,SQLink,"תל אביב יפו 
                                              ,בית שמש,ירושלים,מודיעין מכבים רעות,קרית שדה התעופה",undefined,Thu Feb 16 2023 01:19:10 GMT+0200 (Eastern European Standard Time)
7181291,מפתח /ת  Full Stack לארגון גדול בעולמות הביטוח!!,allJobs,Your 2 years experience is lower than 5 years,https://www.alljobs.co.il/Search/UploadSingle.aspx?JobID=7181291,הורייזן טכנולוגיות,"תל אביב יפו 
                                              ,גבעתיים 
                                              (זמן ממוצע : 9 דקות),ראשון לציון,פתח תקווה,רעננה",undefined,Thu Feb 16 2023 01:19:10 GMT+0200 (Eastern European Standard Time)
7174129,Full Stack  Developer -  React &  Node.js,allJobs,Your 2 years experience is lower than 3 years,https://www.alljobs.co.il/Search/UploadSingle.aspx?JobID=7174129,"ריקרוטיקס בע""מ",,undefined,Thu Feb 16 2023 01:19:10 GMT+0200 (Eastern European Standard Time)
7172374,מפתח /ת  Full Stack לסביבת ענן,allJobs,Your 2 years experience is lower than 4 years,https://www.alljobs.co.il/Search/UploadSingle.aspx?JobID=7172374,"עוז תוכנה בע""מ",תל אביב יפו,undefined,Thu Feb 16 2023 01:19:10 GMT+0200 (Eastern European Standard Time)
6888363,One Taldor מגייסת מפתח /ת FULL STACK לחברה יציבה במרכז,allJobs,c# is not in your stack,https://www.alljobs.co.il/Search/UploadSingle.aspx?JobID=6888363,טלדור Taldor מערכות מחשבים,תל אביב יפו,undefined,Thu Feb 16 2023 01:19:10 GMT+0200 (Eastern European Standard Time)
7151407,Full stack engineer,allJobs,net is not in your stack,https://www.alljobs.co.il/Search/UploadSingle.aspx?JobID=7151407,,תל אביב יפו,undefined,Thu Feb 16 2023 01:19:10 GMT+0200 (Eastern European Standard Time)
7170522,Full Stack Engineer,allJobs,Your 2 years experience is lower than 5 years,https://www.alljobs.co.il/Search/UploadSingle.aspx?JobID=7170522,,,undefined,Thu Feb 16 2023 01:19:10 GMT+0200 (Eastern European Standard Time)
7155754,Full Stack Developer,allJobs,Your 2 years experience is lower than 3 years,https://www.alljobs.co.il/Search/UploadSingle.aspx?JobID=7155754,,,undefined,Thu Feb 16 2023 01:19:10 GMT+0200 (Eastern European Standard Time)
7111922,Full Stack Developer,allJobs,Your 2 years experience is lower than 3 years,https://www.alljobs.co.il/Search/UploadSingle.aspx?JobID=7111922,,,undefined,Thu Feb 16 2023 01:19:10 GMT+0200 (Eastern European Standard Time)
7155786,Development Team Leader,allJobs,Your 2 years experience is lower than 5 years,https://www.alljobs.co.il/Search/UploadSingle.aspx?JobID=7155786,,,undefined,Thu Feb 16 2023 01:19:10 GMT+0200 (Eastern European Standard Time)
7156738,Motion Graphic Designer,allJobs,This job is not contain any word from you tech stack,https://www.alljobs.co.il/Search/UploadSingle.aspx?JobID=7156738,,,undefined,Thu Feb 16 2023 01:19:10 GMT+0200 (Eastern European Standard Time)
7178542,Infrastructure  SW engineer,allJobs,Your 2 years experience is lower than 4 years,https://www.alljobs.co.il/Search/UploadSingle.aspx?JobID=7178542,,,undefined,Thu Feb 16 2023 01:19:10 GMT+0200 (Eastern European Standard Time)
7163679,senior researcher,allJobs,Your 2 years experience is lower than 5 years,https://www.alljobs.co.il/Search/UploadSingle.aspx?JobID=7163679,,,undefined,Thu Feb 16 2023 01:19:10 GMT+0200 (Eastern European Standard Time)
7174478,חברה גלובלית ויציבה מגייסת Senior  Full Stack  Developer,allJobs,Your 2 years experience is lower than 5 years,https://www.alljobs.co.il/Search/UploadSingle.aspx?JobID=7174478,SQLink,"תל אביב יפו 
                                              ,רמת גן,פתח תקווה,הרצליה,רעננה",undefined,Thu Feb 16 2023 01:19:10 GMT+0200 (Eastern European Standard Time)
7174751,לסטארט-אפ בתחום הפינטק  דרוש /ה Full Stack  Developer,allJobs,Your 2 years experience is lower than 5 years,https://www.alljobs.co.il/Search/UploadSingle.aspx?JobID=7174751,Medulla HR,תל אביב יפו,undefined,Thu Feb 16 2023 01:19:10 GMT+0200 (Eastern European Standard Time)
6787726,דרוש /ה Full-Stack Team Leader לחברת סטרטאפ בתחום ה- Access Intelligence!,allJobs,Your 2 years experience is lower than 5 years,https://www.alljobs.co.il/Search/UploadSingle.aspx?JobID=6787726,Medulla HR,תל אביב יפו,undefined,Thu Feb 16 2023 01:19:10 GMT+0200 (Eastern European Standard Time)
7135139,Full Stack Team Leader - ידע נרחב בתהליכי עבודה בפייתון חובה,allJobs,angular is not in your stack,https://www.alljobs.co.il/Search/UploadSingle.aspx?JobID=7135139,אמיר,תל אביב יפו,undefined,Thu Feb 16 2023 01:19:10 GMT+0200 (Eastern European Standard Time)
7178063,Full Stack  team lead,allJobs,Your 2 years experience is lower than 3 years,https://www.alljobs.co.il/Search/UploadSingle.aspx?JobID=7178063,"ג'ובאינפו בע""מ",,undefined,Thu Feb 16 2023 01:19:10 GMT+0200 (Eastern European Standard Time)
7174139,Senior  Full Stack  Developer,allJobs,This job is not contain any word from you tech stack,https://www.alljobs.co.il/Search/UploadSingle.aspx?JobID=7174139,אתוסיה חברת השמה לתחום ההיי טק וביוטק,,undefined,Thu Feb 16 2023 01:19:10 GMT+0200 (Eastern European Standard Time)
7180694,Full Stack Developer: Node.js,allJobs,Your 2 years experience is lower than 3 years,https://www.alljobs.co.il/Search/UploadSingle.aspx?JobID=7180694,לוגיקה IT,תל אביב יפו,undefined,Thu Feb 16 2023 01:19:10 GMT+0200 (Eastern European Standard Time)
6438707,מפתחי /ות Full Stack למשרד ממשלתי,allJobs,Your 2 years experience is lower than 5 years,https://www.alljobs.co.il/Search/UploadSingle.aspx?JobID=6438707,Matrix,"תל אביב יפו,ירושלים",undefined,Thu Feb 16 2023 01:19:10 GMT+0200 (Eastern European Standard Time)
7162845,מפתח /ת ווב  פולסטאק |  WEB DEVELOPER -  Full Stack,allJobs,php is not in your stack,https://www.alljobs.co.il/Search/UploadSingle.aspx?JobID=7162845,אר ג׳י בי מדיה בע״מ,"תל אביב יפו 
                                              ,רמת גן,בני ברק,רמת השרון,הרצליה",undefined,Thu Feb 16 2023 01:19:10 GMT+0200 (Eastern European Standard Time)
7107540,חברה גדולה ויציבה במרכז מגייסת מפתח /ת FULL STACK,allJobs,net is not in your stack,https://www.alljobs.co.il/Search/UploadSingle.aspx?JobID=7107540,TOP SOFT טופ סופט - השמה ומיקור חוץ,"תל אביב יפו 
                                              ,רמת גן,רמת השרון,הוד השרון,הרצליה",undefined,Thu Feb 16 2023 01:19:10 GMT+0200 (Eastern European Standard Time)
7179167,"מפתח /ת  Full Stack לחברה מובילה באזור ת""א (עובדים היברידי)",allJobs,Your 2 years experience is lower than 3 years,https://www.alljobs.co.il/Search/UploadSingle.aspx?JobID=7179167,Gtech,"תל אביב יפו 
                                              ,גבעתיים 
                                              (זמן ממוצע : 9 דקות),רמת גן,פתח תקווה,בני ברק",undefined,Thu Feb 16 2023 01:19:10 GMT+0200 (Eastern European Standard Time)
6694490,לחברת Fintech מובילה דרוש /ה Senior Full-Stack Engineer!,allJobs,Your 2 years experience is lower than 8 years,https://www.alljobs.co.il/Search/UploadSingle.aspx?JobID=6694490,Medulla HR,תל אביב יפו,undefined,Thu Feb 16 2023 01:19:10 GMT+0200 (Eastern European Standard Time)
7080509,"One Taldor מגייסת  מפתח.ת Full Stack לארגון רפואי גדול בת""א",allJobs,c# is not in your stack,https://www.alljobs.co.il/Search/UploadSingle.aspx?JobID=7080509,טלדור Taldor מערכות מחשבים,תל אביב יפו,undefined,Thu Feb 16 2023 01:19:10 GMT+0200 (Eastern European Standard Time)
26871608,מפתח/ת Full Stack - 19217,drushim,net is not in your stack,https://www.drushim.co.il/job/26871608/b564a79f/,קבוצת יעל,Tel Aviv,2023-01-23T16:39:05.76,Thu Feb 16 2023 01:19:08 GMT+0200 (Eastern European Standard Time)
26996229,לאתר המקצוענים דרוש/ה Senior Full Stack Developer - 915371,drushim,Your 2 years experience is lower than 5 years,https://www.drushim.co.il/job/26996229/ffad9ec5/,אתר המקצוענים,Tel Aviv,2023-02-07T15:43:34.837,Thu Feb 16 2023 01:19:08 GMT+0200 (Eastern European Standard Time)
26962713,Full Stack Developer - JB-156,drushim,undefined,https://www.drushim.co.il/job/26962713/0ecc4e25/,yad2,	Ramat Gan	,2023-02-03T10:29:36.787,Thu Feb 16 2023 01:19:08 GMT+0200 (Eastern European Standard Time)
26987014,מדריכי תכנות ופיתוח אפליקציות לנוער,drushim,This job is not contain any word from you tech stack,https://www.drushim.co.il/job/26987014/2596bff5/,"טופ אדיו(קיישן) בע""מ","	Beer Sheva	,	Ashdod	,Tel Aviv,	Rishon LeTsiyon	,	Netanya	,	Haifa	,	Nahariyya	,	Tiberias	,	Jerusalem	",2023-02-06T20:52:59.3,Thu Feb 16 2023 01:19:08 GMT+0200 (Eastern European Standard Time)
26950401,מפתח/ת ANGULAR,drushim,angular is not in your stack,https://www.drushim.co.il/job/26950401/dd355dfd/,קבוצת אמן,Tel Aviv,2023-02-01T22:29:14.867,Thu Feb 16 2023 01:19:08 GMT+0200 (Eastern European Standard Time)
26927772,מפתח /ת WEB /אנגולר - 1,drushim,angular is not in your stack,https://www.drushim.co.il/job/26927772/2ae47a29/,סאקויה,	Or Yehuda	,2023-01-30T13:43:49.117,Thu Feb 16 2023 01:19:08 GMT+0200 (Eastern European Standard Time)
26855990,מתכנת/ת לצוות UC - 11946,drushim,undefined,https://www.drushim.co.il/job/26855990/6d597363/,בזק בינלאומי,	Petah Tikva	,2023-01-22T11:18:14.543,Thu Feb 16 2023 01:19:08 GMT+0200 (Eastern European Standard Time)
26968166,Full Stack Developer - 139886 06/02 #,drushim,c is not in your stack,https://www.drushim.co.il/job/26968166/e276d202/,SQLink,"	Beer Sheva	,	Ashdod	,Tel Aviv,	Rishon LeTsiyon	,	Netanya	,	Haifa	,	Nahariyya	,	Tiberias	,	Jerusalem	",2023-02-05T09:10:22.293,Thu Feb 16 2023 01:19:08 GMT+0200 (Eastern European Standard Time)
27057333,מפתח/ת Full stack - 528811,drushim,java is not in your stack,https://www.drushim.co.il/job/27057333/68dccfb8/,Malam מערכות,	Petah Tikva	,2023-02-15T14:32:46.113,Thu Feb 16 2023 01:19:08 GMT+0200 (Eastern European Standard Time)
26976336,Full Stack Developer - jb-1798,drushim,c# is not in your stack,https://www.drushim.co.il/job/26976336/c70ddcd8/,"היבט אנושי בע""מ",	Petah Tikva	,2023-02-05T16:33:19.497,Thu Feb 16 2023 01:19:08 GMT+0200 (Eastern European Standard Time)
26823405,דרוש/ה מחפשת מפתח.ת FULLSTACK- חובה ניסיון !! - 13913,drushim,Your 2 years experience is lower than 3 years,https://www.drushim.co.il/job/26823405/52a2c943/,ComBlack,Tel Aviv,2023-01-17T22:21:50.377,Thu Feb 16 2023 01:19:08 GMT+0200 (Eastern European Standard Time)
26962466,ראש/ת צוות פיתוח fullstack מחלקת דיגיטל,drushim,Your 2 years experience is lower than 3 years,https://www.drushim.co.il/job/26962466/0e06e98f/,קבוצת אמן,	Ramat Gan	,2023-02-03T07:29:34.803,Thu Feb 16 2023 01:19:08 GMT+0200 (Eastern European Standard Time)
26881678,CRM Dynamics developer - 528077,drushim,Your 2 years experience is lower than 3 years,https://www.drushim.co.il/job/26881678/a898d990/,Malam מערכות,	Petah Tikva	,2023-01-24T14:01:10.213,Thu Feb 16 2023 01:19:08 GMT+0200 (Eastern European Standard Time)
26909190,מפתח/ת Backend בשילוב עבודה היברידית,drushim,Your 2 years experience is lower than 3 years,https://www.drushim.co.il/job/26909190/650d528a/,קבוצת אמן,	Petah Tikva	,2023-01-29T04:31:19.787,Thu Feb 16 2023 01:19:08 GMT+0200 (Eastern European Standard Time)